timestamp,epoch_ms,station_id,station_name,temperature,humidity,dew_point,pressure,wind_speed,wind_direction,solar_radiation,precipitation,cumulative_rain,battery_voltage,ground_truth_anomaly,ground_truth_label
2026-09-05T13:25:50.454383+00:00,1788614750454,AWS-001,Coastal Marine AWS,54.24,50.4,24.26,1013.38,10.1,196.0,870.7,0.0,0.0,14.2,1,SPIKE
2026-09-05T13:26:50.454383+00:00,1788614810454,AWS-001,Coastal Marine AWS,53.65,51.1,23.95,1013.45,8.7,193.9,638.5,0.0,0.0,14.05,1,SPIKE
2026-09-05T13:27:50.454383+00:00,1788614870454,AWS-001,Coastal Marine AWS,54.11,49.9,23.98,1013.37,7.7,190.9,787.6,0.0,0.0,14.14,1,SPIKE
2026-09-05T13:28:50.454383+00:00,1788614930454,AWS-001,Coastal Marine AWS,36.17,49.2,23.8,1013.53,10.4,193.3,868.5,0.0,0.0,14.17,0,NORMAL
2026-09-05T13:29:50.454383+00:00,1788614990454,AWS-001,Coastal Marine AWS,36.21,49.9,24.07,1013.43,6.4,191.6,812.0,0.0,0.0,14.17,0,NORMAL
2026-09-05T13:30:50.454383+00:00,1788615050454,AWS-001,Coastal Marine AWS,35.95,50.0,23.86,1013.38,7.6,196.1,859.3,0.0,0.0,14.21,0,NORMAL
2026-09-05T13:31:50.454383+00:00,1788615110454,AWS-001,Coastal Marine AWS,35.79,50.7,23.95,1013.49,7.5,199.9,863.8,0.0,0.0,14.19,0,NORMAL
2026-09-05T13:32:50.454383+00:00,1788615170454,AWS-001,Coastal Marine AWS,35.98,51.2,24.29,1013.46,5.8,205.7,719.6,0.0,0.0,14.13,0,NORMAL
2026-09-05T13:33:50.454383+00:00,1788615230454,AWS-001,Coastal Marine AWS,36.01,50.2,23.99,1013.52,7.2,213.1,838.1,0.0,0.0,14.16,0,NORMAL
2026-09-05T13:34:50.454383+00:00,1788615290454,AWS-001,Coastal Marine AWS,36.25,50.0,24.14,1013.42,9.3,213.9,856.4,0.0,0.0,14.2,0,NORMAL
2026-09-05T13:35:50.454383+00:00,1788615350454,AWS-001,Coastal Marine AWS,36.02,50.2,23.99,1013.48,7.5,218.7,787.9,0.0,0.0,14.13,0,NORMAL
2026-09-05T13:36:50.454383+00:00,1788615410454,AWS-001,Coastal Marine AWS,35.79,50.0,23.72,1013.54,8.3,219.1,771.4,0.0,0.0,14.15,0,NORMAL
2026-09-05T13:37:50.454383+00:00,1788615470454,AWS-001,Coastal Marine AWS,36.01,49.8,23.85,1013.48,5.9,217.3,793.5,0.0,0.0,14.17,0,NORMAL
2026-09-05T13:38:50.454383+00:00,1788615530454,AWS-001,Coastal Marine AWS,35.85,51.6,24.3,1013.43,6.8,212.6,657.4,0.0,0.0,14.04,0,NORMAL
2026-09-05T13:39:50.454383+00:00,1788615590454,AWS-001,Coastal Marine AWS,35.85,51.0,24.1,1013.51,6.3,215.5,681.2,0.0,0.0,14.07,0,NORMAL
2026-09-05T13:40:50.454383+00:00,1788615650454,AWS-001,Coastal Marine AWS,36.08,50.0,23.98,1013.47,6.5,216.8,826.3,0.0,0.0,14.16,0,NORMAL
2026-09-05T13:41:50.454383+00:00,1788615710454,AWS-001,Coastal Marine AWS,36.3,49.2,23.91,1013.46,6.9,217.3,839.2,0.0,0.0,14.2,0,NORMAL
2026-09-05T13:42:50.454383+00:00,1788615770454,AWS-001,Coastal Marine AWS,35.89,51.4,24.27,1013.59,7.3,216.8,583.3,0.0,0.0,14.02,0,NORMAL
2026-09-05T13:43:50.454383+00:00,1788615830454,AWS-001,Coastal Marine AWS,36.12,49.6,23.89,1013.48,7.9,214.7,841.6,0.0,0.0,14.17,0,NORMAL
2026-09-05T13:44:50.454383+00:00,1788615890454,AWS-001,Coastal Marine AWS,35.8,51.1,24.09,1013.52,8.6,209.2,709.1,0.0,0.0,14.1,0,NORMAL
2026-09-05T13:45:50.454383+00:00,1788615950454,AWS-001,Coastal Marine AWS,35.95,50.6,24.06,1013.57,5.7,203.3,684.0,0.0,0.0,14.06,0,NORMAL
2026-09-05T13:46:50.454383+00:00,1788616010454,AWS-001,Coastal Marine AWS,35.66,49.6,23.47,1013.65,9.2,207.2,776.1,0.0,0.0,14.13,0,NORMAL
2026-09-05T13:47:50.454383+00:00,1788616070454,AWS-001,Coastal Marine AWS,35.91,50.3,23.93,1013.55,7.3,205.0,656.6,0.0,0.0,14.07,0,NORMAL
2026-09-05T13:48:50.454383+00:00,1788616130454,AWS-001,Coastal Marine AWS,36.04,50.1,23.98,1013.65,7.3,205.4,733.1,0.0,0.0,14.12,0,NORMAL
2026-09-05T13:49:50.454383+00:00,1788616190454,AWS-001,Coastal Marine AWS,36.15,49.3,23.81,1013.63,6.2,208.1,805.1,0.0,0.0,14.19,0,NORMAL
2026-09-05T13:50:50.454383+00:00,1788616250454,AWS-001,Coastal Marine AWS,36.21,49.9,24.07,1013.56,9.6,209.4,825.4,0.0,0.0,14.2,0,NORMAL
2026-09-05T13:51:50.454383+00:00,1788616310454,AWS-001,Coastal Marine AWS,36.13,49.6,23.89,1013.52,7.7,210.4,820.3,0.0,0.0,14.2,0,NORMAL
2026-09-05T13:52:50.454383+00:00,1788616370454,AWS-001,Coastal Marine AWS,35.58,52.8,24.43,1013.59,7.5,213.3,559.4,0.0,0.0,13.99,0,NORMAL
2026-09-05T13:53:50.454383+00:00,1788616430454,AWS-001,Coastal Marine AWS,36.23,50.3,24.22,1013.62,6.6,211.2,777.6,0.0,0.0,14.14,0,NORMAL
2026-09-05T13:54:50.454383+00:00,1788616490454,AWS-001,Coastal Marine AWS,36.03,50.3,24.04,1013.53,7.5,212.8,662.7,0.0,0.0,14.04,0,NORMAL
2026-09-05T13:55:50.454383+00:00,1788616550454,AWS-001,Coastal Marine AWS,35.79,52.0,24.37,1013.56,6.1,212.0,562.0,0.0,0.0,13.97,0,NORMAL
2026-09-05T13:56:50.454383+00:00,1788616610454,AWS-001,Coastal Marine AWS,35.97,48.7,23.44,1013.62,7.1,218.4,805.1,0.0,0.0,14.17,0,NORMAL
2026-09-05T13:57:50.454383+00:00,1788616670454,AWS-001,Coastal Marine AWS,36.14,50.3,24.14,1013.57,8.1,214.1,782.3,0.0,0.0,14.16,0,NORMAL
2026-09-05T13:58:50.454383+00:00,1788616730454,AWS-001,Coastal Marine AWS,36.03,50.0,23.94,1013.65,7.8,217.4,813.8,0.0,0.0,14.16,0,NORMAL
2026-09-05T13:59:50.454383+00:00,1788616790454,AWS-001,Coastal Marine AWS,35.65,51.4,24.05,1013.59,5.6,216.6,589.2,0.0,0.0,14.01,0,NORMAL
2026-09-05T14:00:50.454383+00:00,1788616850454,AWS-001,Coastal Marine AWS,35.85,51.9,24.4,1013.57,6.6,219.9,563.8,0.0,0.0,14.0,0,NORMAL
2026-09-05T14:01:50.454383+00:00,1788616910454,AWS-001,Coastal Marine AWS,35.96,50.0,23.87,1013.59,8.4,211.8,762.4,0.0,0.0,14.1,0,NORMAL
2026-09-05T14:02:50.454383+00:00,1788616970454,AWS-001,Coastal Marine AWS,36.02,49.3,23.69,1013.7,10.5,214.3,801.4,0.0,0.0,14.13,0,NORMAL
2026-09-05T14:03:50.454383+00:00,1788617030454,AWS-001,Coastal Marine AWS,36.02,50.5,24.09,1013.67,7.4,218.2,794.2,0.0,0.0,14.16,0,NORMAL
2026-09-05T14:04:50.454383+00:00,1788617090454,AWS-001,Coastal Marine AWS,36.07,48.9,23.6,1013.53,6.0,222.9,716.0,0.0,0.0,14.12,0,NORMAL
2026-09-05T14:05:50.454383+00:00,1788617150454,AWS-001,Coastal Marine AWS,35.97,50.9,24.18,1013.61,6.2,225.6,730.2,0.0,0.0,14.16,0,NORMAL
2026-09-05T14:06:50.454383+00:00,1788617210454,AWS-001,Coastal Marine AWS,36.22,50.0,24.11,1013.78,8.3,226.3,749.4,0.0,0.0,14.15,0,NORMAL
2026-09-05T14:07:50.454383+00:00,1788617270454,AWS-001,Coastal Marine AWS,35.89,50.7,24.04,1013.57,6.4,227.0,722.5,0.0,0.0,14.12,0,NORMAL
2026-09-05T14:08:50.454383+00:00,1788617330454,AWS-001,Coastal Marine AWS,35.76,51.8,24.28,1013.72,6.6,229.8,575.9,0.0,0.0,14.0,0,NORMAL
2026-09-05T14:09:50.454383+00:00,1788617390454,AWS-001,Coastal Marine AWS,36.14,51.3,24.47,1013.65,6.2,232.2,627.2,0.0,0.0,14.01,0,NORMAL
2026-09-05T14:10:50.454383+00:00,1788617450454,AWS-001,Coastal Marine AWS,36.08,50.2,24.05,1013.69,8.3,230.8,768.6,0.0,0.0,14.13,0,NORMAL
2026-09-05T14:11:50.454383+00:00,1788617510454,AWS-001,Coastal Marine AWS,35.8,52.0,24.38,1013.63,6.9,235.4,601.2,0.0,0.0,13.98,0,NORMAL
2026-09-05T14:12:50.454383+00:00,1788617570454,AWS-001,Coastal Marine AWS,35.79,50.5,23.88,1013.73,5.6,233.3,530.0,0.0,0.0,14.0,0,NORMAL
2026-09-05T14:13:50.454383+00:00,1788617630454,AWS-001,Coastal Marine AWS,35.92,50.4,23.97,1013.63,9.5,233.6,713.0,0.0,0.0,14.08,0,NORMAL
2026-09-05T14:14:50.454383+00:00,1788617690454,AWS-001,Coastal Marine AWS,35.82,50.5,23.91,1013.65,7.3,236.1,733.1,0.0,0.0,14.1,0,NORMAL
2026-09-05T14:15:50.454383+00:00,1788617750454,AWS-001,Coastal Marine AWS,36.18,51.0,24.41,1013.75,7.9,234.4,650.1,0.0,0.0,14.05,0,NORMAL
2026-09-05T14:16:50.454383+00:00,1788617810454,AWS-001,Coastal Marine AWS,36.16,50.6,24.26,1013.62,6.8,238.6,753.1,0.0,0.0,14.13,0,NORMAL
2026-09-05T14:17:50.454383+00:00,1788617870454,AWS-001,Coastal Marine AWS,35.96,51.4,24.33,1013.62,7.8,237.1,727.0,0.0,0.0,14.09,0,NORMAL
2026-09-05T14:18:50.454383+00:00,1788617930454,AWS-001,Coastal Marine AWS,35.82,51.0,24.08,1013.63,8.0,233.3,658.4,0.0,0.0,14.04,0,NORMAL
2026-09-05T14:19:50.454383+00:00,1788617990454,AWS-001,Coastal Marine AWS,35.75,52.1,24.37,1013.65,6.3,231.7,575.6,0.0,0.0,14.0,0,NORMAL
2026-09-05T14:20:50.454383+00:00,1788618050454,AWS-001,Coastal Marine AWS,35.82,49.2,23.48,1013.78,7.6,229.3,739.1,0.0,0.0,14.11,0,NORMAL
2026-09-05T14:21:50.454383+00:00,1788618110454,AWS-001,Coastal Marine AWS,35.99,51.1,24.26,1013.73,7.7,227.7,550.6,0.0,0.0,13.99,0,NORMAL
2026-09-05T14:22:50.454383+00:00,1788618170454,AWS-001,Coastal Marine AWS,36.19,48.9,23.71,1013.7,8.4,227.3,730.8,0.0,0.0,14.09,0,NORMAL
2026-09-05T14:23:50.454383+00:00,1788618230454,AWS-001,Coastal Marine AWS,35.79,51.4,24.18,1013.72,8.3,223.7,537.0,0.0,0.0,13.97,0,NORMAL
2026-09-05T14:24:50.454383+00:00,1788618290454,AWS-001,Coastal Marine AWS,36.12,50.3,24.12,1013.74,5.7,224.0,596.7,0.0,0.0,13.99,0,NORMAL
2026-09-05T14:25:50.454383+00:00,1788618350454,AWS-001,Coastal Marine AWS,35.75,50.4,23.81,1013.74,6.2,226.9,681.1,0.0,0.0,14.12,0,NORMAL
2026-09-05T14:26:50.454383+00:00,1788618410454,AWS-001,Coastal Marine AWS,35.9,52.0,24.47,1013.71,5.2,220.2,527.1,0.0,0.0,13.95,0,NORMAL
2026-09-05T14:27:50.454383+00:00,1788618470454,AWS-001,Coastal Marine AWS,35.54,52.3,24.24,1013.76,5.0,225.0,470.2,0.0,0.0,13.93,0,NORMAL
2026-09-05T14:28:50.454383+00:00,1788618530454,AWS-001,Coastal Marine AWS,36.05,50.5,24.12,1013.86,7.3,226.5,673.3,0.0,0.0,14.09,0,NORMAL
2026-09-05T14:29:50.454383+00:00,1788618590454,AWS-001,Coastal Marine AWS,35.97,50.4,24.02,1013.74,7.6,221.4,717.6,0.0,0.0,14.11,0,NORMAL
2026-09-05T14:30:50.454383+00:00,1788618650454,AWS-001,Coastal Marine AWS,36.05,51.0,24.29,1013.74,6.6,225.4,644.0,0.0,0.0,14.04,0,NORMAL
2026-09-05T14:31:50.454383+00:00,1788618710454,AWS-001,Coastal Marine AWS,35.96,49.7,23.77,1013.71,6.8,226.1,674.9,0.0,0.0,14.07,0,NORMAL
2026-09-05T14:32:50.454383+00:00,1788618770454,AWS-001,Coastal Marine AWS,35.94,50.0,23.86,1013.82,6.1,228.9,717.1,0.0,0.0,14.08,0,NORMAL
2026-09-05T14:33:50.454383+00:00,1788618830454,AWS-001,Coastal Marine AWS,36.05,50.8,24.22,1013.8,6.6,228.2,684.8,0.0,0.0,14.09,0,NORMAL
2026-09-05T14:34:50.454383+00:00,1788618890454,AWS-001,Coastal Marine AWS,35.99,50.3,24.0,1013.71,8.1,230.7,598.5,0.0,0.0,14.01,0,NORMAL
2026-09-05T14:35:50.454383+00:00,1788618950454,AWS-001,Coastal Marine AWS,36.18,49.9,24.04,1013.74,6.2,224.6,714.4,0.0,0.0,14.1,0,NORMAL
2026-09-05T14:36:50.454383+00:00,1788619010454,AWS-001,Coastal Marine AWS,35.92,51.9,24.46,1013.76,6.1,224.3,573.4,0.0,0.0,13.99,0,NORMAL
2026-09-05T14:37:50.454383+00:00,1788619070454,AWS-001,Coastal Marine AWS,35.61,51.6,24.08,1013.72,6.1,222.1,554.6,0.0,0.0,13.99,0,NORMAL
2026-09-05T14:38:50.454383+00:00,1788619130454,AWS-001,Coastal Marine AWS,35.94,50.7,24.09,1013.76,7.5,225.2,620.3,0.0,0.0,14.03,0,NORMAL
2026-09-05T14:39:50.454383+00:00,1788619190454,AWS-001,Coastal Marine AWS,36.2,50.4,24.23,1013.75,9.9,215.4,690.3,0.0,0.0,14.06,0,NORMAL
2026-09-05T14:40:50.454383+00:00,1788619250454,AWS-001,Coastal Marine AWS,36.16,50.3,24.16,1013.67,5.8,214.0,685.7,0.0,0.0,14.08,0,NORMAL
2026-09-05T14:41:50.454383+00:00,1788619310454,AWS-001,Coastal Marine AWS,35.77,51.9,24.32,1013.72,8.0,220.2,539.3,0.0,0.0,14.0,0,NORMAL
2026-09-05T14:42:50.454383+00:00,1788619370454,AWS-001,Coastal Marine AWS,35.81,51.5,24.23,1013.75,7.7,219.7,643.2,0.0,0.0,14.05,0,NORMAL
2026-09-05T14:43:50.454383+00:00,1788619430454,AWS-001,Coastal Marine AWS,36.15,50.0,24.05,1013.78,6.8,220.0,675.7,0.0,0.0,14.07,0,NORMAL
2026-09-05T14:44:50.454383+00:00,1788619490454,AWS-001,Coastal Marine AWS,36.03,51.5,24.43,1013.67,5.9,219.3,605.1,0.0,0.0,14.01,0,NORMAL
2026-09-05T14:45:50.454383+00:00,1788619550454,AWS-001,Coastal Marine AWS,35.77,52.5,24.51,1013.74,6.7,215.5,582.3,0.0,0.0,14.04,0,NORMAL
2026-09-05T14:46:50.454383+00:00,1788619610454,AWS-001,Coastal Marine AWS,35.98,51.4,24.35,1013.71,6.1,222.3,556.8,0.0,0.0,14.04,0,NORMAL
2026-09-05T14:47:50.454383+00:00,1788619670454,AWS-001,Coastal Marine AWS,36.01,50.8,24.18,1013.75,6.2,220.4,630.6,0.0,0.0,14.03,0,NORMAL
2026-09-05T14:48:50.454383+00:00,1788619730454,AWS-001,Coastal Marine AWS,35.75,51.6,24.21,1013.7,5.9,216.5,532.3,0.0,0.0,13.97,0,NORMAL
2026-09-05T14:49:50.454383+00:00,1788619790454,AWS-001,Coastal Marine AWS,36.0,51.9,24.53,1013.73,6.9,211.8,526.7,0.0,0.0,14.0,0,NORMAL
2026-09-05T14:50:50.454383+00:00,1788619850454,AWS-001,Coastal Marine AWS,36.23,51.2,24.52,1013.66,6.3,210.7,653.3,0.0,0.0,14.04,0,NORMAL
2026-09-05T14:51:50.454383+00:00,1788619910454,AWS-001,Coastal Marine AWS,35.8,51.0,24.06,1013.65,6.7,210.7,625.2,0.0,0.0,14.07,0,NORMAL
2026-09-05T14:52:50.454383+00:00,1788619970454,AWS-001,Coastal Marine AWS,35.75,52.4,24.46,1013.75,7.4,214.7,435.1,0.0,0.0,13.88,0,NORMAL
2026-09-05T14:53:50.454383+00:00,1788620030454,AWS-001,Coastal Marine AWS,36.13,50.1,24.06,1013.69,7.1,220.3,639.8,0.0,0.0,14.01,0,NORMAL
2026-09-05T14:54:50.454383+00:00,1788620090454,AWS-001,Coastal Marine AWS,36.09,51.2,24.39,1013.65,6.0,218.0,558.0,0.0,0.0,14.01,0,NORMAL
2026-09-05T14:55:50.454383+00:00,1788620150454,AWS-001,Coastal Marine AWS,35.63,53.3,24.64,1013.7,4.8,215.2,421.9,0.0,0.0,13.88,0,NORMAL
2026-09-05T14:56:50.454383+00:00,1788620210454,AWS-001,Coastal Marine AWS,35.63,52.5,24.39,1013.65,5.1,215.3,402.0,0.0,0.0,13.9,0,NORMAL
2026-09-05T14:57:50.454383+00:00,1788620270454,AWS-001,Coastal Marine AWS,35.95,51.6,24.39,1013.66,6.7,217.6,605.3,0.0,0.0,14.02,0,NORMAL
2026-09-05T14:58:50.454383+00:00,1788620330454,AWS-001,Coastal Marine AWS,35.88,52.5,24.62,1013.61,6.3,213.1,483.1,0.0,0.0,13.95,0,NORMAL
2026-09-05T14:59:50.454383+00:00,1788620390454,AWS-001,Coastal Marine AWS,35.82,51.0,24.08,1013.73,7.8,217.3,599.5,0.0,0.0,14.0,0,NORMAL
2026-09-05T15:00:50.454383+00:00,1788620450454,AWS-001,Coastal Marine AWS,35.53,54.5,24.92,1013.69,6.4,217.3,432.1,0.0,0.0,13.91,0,NORMAL
2026-09-05T15:01:50.454383+00:00,1788620510454,AWS-001,Coastal Marine AWS,35.77,52.4,24.48,1013.64,6.2,210.8,522.7,0.0,0.0,13.98,0,NORMAL
2026-09-05T15:02:50.454383+00:00,1788620570454,AWS-001,Coastal Marine AWS,35.7,52.3,24.39,1013.68,6.8,209.5,560.7,0.0,0.0,14.02,0,NORMAL
2026-09-05T15:03:50.454383+00:00,1788620630454,AWS-001,Coastal Marine AWS,35.86,51.8,24.37,1013.61,6.2,204.0,613.1,0.0,0.0,14.02,0,NORMAL
2026-09-05T15:04:50.454383+00:00,1788620690454,AWS-001,Coastal Marine AWS,35.95,51.9,24.49,1013.61,7.9,200.3,545.9,0.0,0.0,13.99,0,NORMAL
2026-09-05T15:05:50.454383+00:00,1788620750454,AWS-001,Coastal Marine AWS,36.04,51.1,24.31,1013.64,6.4,199.0,597.0,0.0,0.0,14.02,0,NORMAL
2026-09-05T15:06:50.454383+00:00,1788620810454,AWS-001,Coastal Marine AWS,35.81,51.2,24.13,1013.76,6.3,203.5,575.0,0.0,0.0,14.01,0,NORMAL
2026-09-05T15:07:50.454383+00:00,1788620870454,AWS-001,Coastal Marine AWS,35.85,51.2,24.17,1013.66,8.1,203.4,603.7,0.0,0.0,14.04,0,NORMAL
2026-09-05T15:08:50.454383+00:00,1788620930454,AWS-001,Coastal Marine AWS,35.49,51.5,23.94,1013.59,8.0,204.2,592.0,0.0,0.0,14.03,0,NORMAL
2026-09-05T15:09:50.454383+00:00,1788620990454,AWS-001,Coastal Marine AWS,35.46,53.2,24.45,1013.69,6.3,199.4,494.6,0.0,0.0,13.94,0,NORMAL
2026-09-05T15:10:50.454383+00:00,1788621050454,AWS-001,Coastal Marine AWS,35.72,51.7,24.21,1013.63,5.9,202.2,581.3,0.0,0.0,14.0,0,NORMAL
2026-09-05T15:11:50.454383+00:00,1788621110454,AWS-001,Coastal Marine AWS,35.87,51.8,24.38,1013.63,8.2,201.7,552.0,0.0,0.0,13.97,0,NORMAL
2026-09-05T15:12:50.454383+00:00,1788621170454,AWS-001,Coastal Marine AWS,35.64,52.3,24.33,1013.56,5.8,206.3,584.4,0.0,0.0,13.98,0,NORMAL
2026-09-05T15:13:50.454383+00:00,1788621230454,AWS-001,Coastal Marine AWS,35.6,52.6,24.39,1013.64,7.3,210.4,422.9,0.0,0.0,13.91,0,NORMAL
2026-09-05T15:14:50.454383+00:00,1788621290454,AWS-001,Coastal Marine AWS,35.36,53.1,24.33,1013.64,5.0,212.0,403.2,0.0,0.0,13.89,0,NORMAL
2026-09-05T15:15:50.454383+00:00,1788621350454,AWS-001,Coastal Marine AWS,35.59,53.0,24.51,1013.73,6.0,212.9,499.7,0.0,0.0,13.97,0,NORMAL
2026-09-05T15:16:50.454383+00:00,1788621410454,AWS-001,Coastal Marine AWS,35.54,53.7,24.68,1013.59,5.4,209.1,345.7,0.0,0.0,13.82,0,NORMAL
2026-09-05T15:17:50.454383+00:00,1788621470454,AWS-001,Coastal Marine AWS,35.84,51.3,24.19,1013.6,5.9,207.6,554.0,0.0,0.0,13.99,0,NORMAL
2026-09-05T15:18:50.454383+00:00,1788621530454,AWS-001,Coastal Marine AWS,35.58,51.7,24.08,1013.68,8.6,205.9,563.6,0.0,0.0,14.01,0,NORMAL
2026-09-05T15:19:50.454383+00:00,1788621590454,AWS-001,Coastal Marine AWS,35.56,52.3,24.26,1013.66,8.8,206.0,544.7,0.0,0.0,13.98,0,NORMAL
2026-09-05T15:20:50.454383+00:00,1788621650454,AWS-001,Coastal Marine AWS,35.63,51.9,24.19,1013.67,6.2,209.6,560.6,0.0,0.0,14.02,0,NORMAL
2026-09-05T15:21:50.454383+00:00,1788621710454,AWS-001,Coastal Marine AWS,35.64,51.2,23.98,1013.63,6.4,202.1,565.3,0.0,0.0,14.01,0,NORMAL
2026-09-05T15:22:50.454383+00:00,1788621770454,AWS-001,Coastal Marine AWS,35.58,53.8,24.75,1013.65,4.7,204.8,425.6,0.0,0.0,13.86,0,NORMAL
2026-09-05T15:23:50.454383+00:00,1788621830454,AWS-001,Coastal Marine AWS,35.45,52.1,24.09,1013.71,5.3,203.9,456.5,0.0,0.0,13.95,0,NORMAL
2026-09-05T15:24:50.454383+00:00,1788621890454,AWS-001,Coastal Marine AWS,35.66,52.6,24.45,1013.59,7.0,201.9,542.9,0.0,0.0,13.99,0,NORMAL
2026-09-05T15:25:50.454383+00:00,1788621950454,AWS-001,Coastal Marine AWS,35.35,53.0,24.29,1013.66,6.2,196.5,422.3,0.0,0.0,13.9,0,NORMAL
2026-09-05T15:26:50.454383+00:00,1788622010454,AWS-001,Coastal Marine AWS,35.42,53.4,24.48,1013.64,5.1,195.6,425.0,0.0,0.0,13.86,0,NORMAL
2026-09-05T15:27:50.454383+00:00,1788622070454,AWS-001,Coastal Marine AWS,35.48,51.9,24.06,1013.59,6.4,193.4,523.2,0.0,0.0,13.96,0,NORMAL
2026-09-05T15:28:50.454383+00:00,1788622130454,AWS-001,Coastal Marine AWS,35.61,52.2,24.27,1013.66,5.4,191.1,542.5,0.0,0.0,14.01,0,NORMAL
2026-09-05T15:29:50.454383+00:00,1788622190454,AWS-001,Coastal Marine AWS,35.47,52.8,24.33,1013.61,8.0,190.7,475.1,0.0,0.0,13.91,0,NORMAL
2026-09-05T15:30:50.454383+00:00,1788622250454,AWS-001,Coastal Marine AWS,35.7,52.3,24.39,1013.65,6.6,188.1,509.1,0.0,0.0,13.96,0,NORMAL
2026-09-05T15:31:50.454383+00:00,1788622310454,AWS-001,Coastal Marine AWS,35.63,52.6,24.42,1013.59,5.0,194.5,514.8,0.0,0.0,14.0,0,NORMAL
2026-09-05T15:32:50.454383+00:00,1788622370454,AWS-001,Coastal Marine AWS,35.67,52.6,24.45,1013.63,7.5,192.9,423.7,0.0,0.0,13.9,0,NORMAL
2026-09-05T15:33:50.454383+00:00,1788622430454,AWS-001,Coastal Marine AWS,35.37,52.6,24.18,1013.66,7.4,191.1,502.5,0.0,0.0,13.92,0,NORMAL
2026-09-05T15:34:50.454383+00:00,1788622490454,AWS-001,Coastal Marine AWS,35.68,52.9,24.56,1013.69,5.4,190.9,459.3,0.0,0.0,13.88,0,NORMAL
2026-09-05T15:35:50.454383+00:00,1788622550454,AWS-001,Coastal Marine AWS,35.21,54.3,24.56,1013.64,5.9,190.5,424.7,0.0,0.0,13.93,0,NORMAL
2026-09-05T15:36:50.454383+00:00,1788622610454,AWS-001,Coastal Marine AWS,35.56,53.5,24.64,1013.65,7.2,190.5,489.0,0.0,0.0,13.93,0,NORMAL
2026-09-05T15:37:50.454383+00:00,1788622670454,AWS-001,Coastal Marine AWS,35.15,54.0,24.41,1013.66,6.4,192.7,411.6,0.0,0.0,13.84,0,NORMAL
2026-09-05T15:38:50.454383+00:00,1788622730454,AWS-001,Coastal Marine AWS,35.17,54.4,24.56,1013.71,8.3,191.5,401.4,0.0,0.0,13.87,0,NORMAL
2026-09-05T15:39:50.454383+00:00,1788622790454,AWS-001,Coastal Marine AWS,35.52,53.4,24.57,1013.65,6.6,188.9,484.9,0.0,0.0,13.96,0,NORMAL
2026-09-05T15:40:50.454383+00:00,1788622850454,AWS-001,Coastal Marine AWS,35.37,54.3,24.71,1013.65,7.0,187.7,406.3,0.0,0.0,13.91,0,NORMAL
2026-09-05T15:41:50.454383+00:00,1788622910454,AWS-001,Coastal Marine AWS,35.54,53.8,24.71,1013.6,6.6,178.0,386.3,0.0,0.0,13.88,0,NORMAL
2026-09-05T15:42:50.454383+00:00,1788622970454,AWS-001,Coastal Marine AWS,35.13,53.7,24.3,1013.67,7.7,183.2,345.8,0.0,0.0,13.85,0,NORMAL
2026-09-05T15:43:50.454383+00:00,1788623030454,AWS-001,Coastal Marine AWS,35.43,54.5,24.83,1013.63,4.6,183.5,362.9,0.0,0.0,13.82,0,NORMAL
2026-09-05T15:44:50.454383+00:00,1788623090454,AWS-001,Coastal Marine AWS,35.17,52.8,24.06,1013.57,5.7,178.6,476.1,0.0,0.0,13.92,0,NORMAL
2026-09-05T15:45:50.454383+00:00,1788623150454,AWS-001,Coastal Marine AWS,35.35,53.8,24.54,1013.66,5.7,174.2,433.6,0.0,0.0,13.86,0,NORMAL
2026-09-05T15:46:50.454383+00:00,1788623210454,AWS-001,Coastal Marine AWS,35.15,54.3,24.51,1013.62,6.0,171.5,403.4,0.0,0.0,13.89,0,NORMAL
2026-09-05T15:47:50.454383+00:00,1788623270454,AWS-001,Coastal Marine AWS,35.37,54.6,24.8,1013.69,7.3,169.4,350.6,0.0,0.0,13.86,0,NORMAL
2026-09-05T15:48:50.454383+00:00,1788623330454,AWS-001,Coastal Marine AWS,35.34,54.3,24.68,1013.61,7.1,170.9,447.1,0.0,0.0,13.93,0,NORMAL
2026-09-05T15:49:50.454383+00:00,1788623390454,AWS-001,Coastal Marine AWS,35.2,53.5,24.31,1013.56,6.7,166.2,453.5,0.0,0.0,13.91,0,NORMAL
2026-09-05T15:50:50.454383+00:00,1788623450454,AWS-001,Coastal Marine AWS,35.18,53.6,24.32,1013.62,8.7,167.7,458.1,0.0,0.0,13.89,0,NORMAL
2026-09-05T15:51:50.454383+00:00,1788623510454,AWS-001,Coastal Marine AWS,35.29,54.4,24.67,1013.63,4.7,169.2,389.6,0.0,0.0,13.85,0,NORMAL
2026-09-05T15:52:50.454383+00:00,1788623570454,AWS-001,Coastal Marine AWS,35.43,54.1,24.7,1013.67,7.9,168.9,451.6,0.0,0.0,13.9,0,NORMAL
2026-09-05T15:53:50.454383+00:00,1788623630454,AWS-001,Coastal Marine AWS,35.36,54.8,24.86,1013.56,5.5,165.6,419.3,0.0,0.0,13.92,0,NORMAL
2026-09-05T15:54:50.454383+00:00,1788623690454,AWS-001,Coastal Marine AWS,35.15,55.4,24.84,1013.55,5.1,162.3,411.9,0.0,0.0,13.88,0,NORMAL
2026-09-05T15:55:50.454383+00:00,1788623750454,AWS-001,Coastal Marine AWS,35.02,53.4,24.11,1013.52,8.9,168.6,411.8,0.0,0.0,13.85,0,NORMAL
2026-09-05T15:56:50.454383+00:00,1788623810454,AWS-001,Coastal Marine AWS,35.09,53.5,24.2,1013.58,7.3,168.7,373.1,0.0,0.0,13.85,0,NORMAL
2026-09-05T15:57:50.454383+00:00,1788623870454,AWS-001,Coastal Marine AWS,34.95,54.6,24.42,1013.68,5.0,165.8,347.8,0.0,0.0,13.87,0,NORMAL
2026-09-05T15:58:50.454383+00:00,1788623930454,AWS-001,Coastal Marine AWS,35.24,54.7,24.71,1013.53,6.7,160.3,358.4,0.0,0.0,13.87,0,NORMAL
2026-09-05T15:59:50.454383+00:00,1788623990454,AWS-001,Coastal Marine AWS,35.08,54.0,24.35,1013.52,5.8,159.8,422.2,0.0,0.0,13.91,0,NORMAL
2026-09-05T16:00:50.454383+00:00,1788624050454,AWS-001,Coastal Marine AWS,35.07,55.6,24.83,1013.53,5.2,151.0,293.7,0.0,0.0,13.79,0,NORMAL
2026-09-05T16:01:50.454383+00:00,1788624110454,AWS-001,Coastal Marine AWS,34.82,55.2,24.48,1013.55,5.8,150.9,366.9,0.0,0.0,13.89,0,NORMAL
2026-09-05T16:02:50.454383+00:00,1788624170454,AWS-001,Coastal Marine AWS,34.85,54.9,24.41,1013.54,4.6,150.5,317.0,0.0,0.0,13.81,0,NORMAL
2026-09-05T16:03:50.454383+00:00,1788624230454,AWS-001,Coastal Marine AWS,35.2,54.1,24.49,1013.44,6.3,155.1,403.6,0.0,0.0,13.88,0,NORMAL
2026-09-05T16:04:50.454383+00:00,1788624290454,AWS-001,Coastal Marine AWS,35.02,54.8,24.54,1013.55,4.6,159.7,345.5,0.0,0.0,13.84,0,NORMAL
2026-09-05T16:05:50.454383+00:00,1788624350454,AWS-001,Coastal Marine AWS,34.84,55.4,24.56,1013.56,8.3,160.8,368.5,0.0,0.0,13.83,0,NORMAL
2026-09-05T16:06:50.454383+00:00,1788624410454,AWS-001,Coastal Marine AWS,34.97,54.9,24.53,1013.46,5.5,160.4,372.6,0.0,0.0,13.87,0,NORMAL
2026-09-05T16:07:50.454383+00:00,1788624470454,AWS-001,Coastal Marine AWS,35.05,55.8,24.87,1013.5,4.1,155.7,277.5,0.0,0.0,13.78,0,NORMAL
2026-09-05T16:08:50.454383+00:00,1788624530454,AWS-001,Coastal Marine AWS,34.99,55.3,24.67,1013.52,5.3,157.2,303.4,0.0,0.0,13.78,0,NORMAL
2026-09-05T16:09:50.454383+00:00,1788624590454,AWS-001,Coastal Marine AWS,34.71,56.3,24.71,1013.62,6.7,157.8,206.8,0.0,0.0,13.74,0,NORMAL
2026-09-05T16:10:50.454383+00:00,1788624650454,AWS-001,Coastal Marine AWS,34.65,55.9,24.53,1013.45,5.3,155.2,249.3,0.0,0.0,13.75,0,NORMAL
2026-09-05T16:11:50.454383+00:00,1788624710454,AWS-001,Coastal Marine AWS,34.77,56.3,24.76,1013.55,4.6,162.1,228.5,0.0,0.0,13.75,0,NORMAL
2026-09-05T16:12:50.454383+00:00,1788624770454,AWS-001,Coastal Marine AWS,34.7,54.8,24.25,1013.47,6.0,162.2,359.1,0.0,0.0,13.88,0,NORMAL
2026-09-05T16:13:50.454383+00:00,1788624830454,AWS-001,Coastal Marine AWS,34.78,56.8,24.92,1013.41,5.8,160.4,255.2,0.0,0.0,13.78,0,NORMAL
2026-09-05T16:14:50.454383+00:00,1788624890454,AWS-001,Coastal Marine AWS,34.62,56.0,24.53,1013.47,7.8,166.1,273.5,0.0,0.0,13.77,0,NORMAL
2026-09-05T16:15:50.454383+00:00,1788624950454,AWS-001,Coastal Marine AWS,34.87,56.3,24.86,1013.47,5.3,162.0,291.1,0.0,0.0,13.79,0,NORMAL
2026-09-05T16:16:50.454383+00:00,1788625010454,AWS-001,Coastal Marine AWS,34.73,55.5,24.49,1013.46,6.8,164.2,361.1,0.0,0.0,13.85,0,NORMAL
2026-09-05T16:17:50.454383+00:00,1788625070454,AWS-001,Coastal Marine AWS,34.47,56.8,24.63,1013.5,4.7,163.3,243.3,0.0,0.0,13.76,0,NORMAL
2026-09-05T16:18:50.454383+00:00,1788625130454,AWS-001,Coastal Marine AWS,34.8,55.7,24.61,1013.46,5.6,161.8,331.1,0.0,0.0,13.83,0,NORMAL
2026-09-05T16:19:50.454383+00:00,1788625190454,AWS-001,Coastal Marine AWS,34.78,55.7,24.59,1013.34,4.9,164.6,314.1,0.0,0.0,13.82,0,NORMAL
2026-09-05T16:20:50.454383+00:00,1788625250454,AWS-001,Coastal Marine AWS,34.79,56.2,24.75,1013.47,5.4,163.1,277.9,0.0,0.0,13.83,0,NORMAL
2026-09-05T16:21:50.454383+00:00,1788625310454,AWS-001,Coastal Marine AWS,34.49,56.8,24.65,1013.46,5.1,161.9,253.1,0.0,0.0,13.8,0,NORMAL
2026-09-05T16:22:50.454383+00:00,1788625370454,AWS-001,Coastal Marine AWS,34.69,56.0,24.6,1013.39,7.2,164.4,317.3,0.0,0.0,13.81,0,NORMAL
2026-09-05T16:23:50.454383+00:00,1788625430454,AWS-001,Coastal Marine AWS,34.65,56.6,24.74,1013.43,5.7,158.9,300.4,0.0,0.0,13.8,0,NORMAL
2026-09-05T16:24:50.454383+00:00,1788625490454,AWS-001,Coastal Marine AWS,34.65,55.6,24.44,1013.36,5.1,152.8,280.4,0.0,0.0,13.77,0,NORMAL
2026-09-05T16:25:50.454383+00:00,1788625550454,AWS-001,Coastal Marine AWS,34.46,56.2,24.44,1013.42,5.3,153.5,280.7,0.0,0.0,13.81,0,NORMAL
2026-09-05T16:26:50.454383+00:00,1788625610454,AWS-001,Coastal Marine AWS,34.63,56.7,24.75,1013.38,7.4,157.8,314.4,0.0,0.0,13.84,0,NORMAL
2026-09-05T16:27:50.454383+00:00,1788625670454,AWS-001,Coastal Marine AWS,34.43,56.3,24.45,1013.3,6.1,159.6,242.8,0.0,0.0,13.77,0,NORMAL
2026-09-05T16:28:50.454383+00:00,1788625730454,AWS-001,Coastal Marine AWS,34.44,57.0,24.66,1013.35,4.4,159.6,236.5,0.0,0.0,13.79,0,NORMAL
2026-09-05T16:29:50.454383+00:00,1788625790454,AWS-001,Coastal Marine AWS,34.66,56.4,24.69,1013.36,6.3,160.7,286.3,0.0,0.0,13.8,0,NORMAL
2026-09-05T16:30:50.454383+00:00,1788625850454,AWS-001,Coastal Marine AWS,34.49,57.3,24.8,1013.48,4.2,158.6,220.6,0.0,0.0,13.77,0,NORMAL
2026-09-05T16:31:50.454383+00:00,1788625910454,AWS-001,Coastal Marine AWS,34.48,57.5,24.85,1013.35,6.1,162.7,254.1,0.0,0.0,13.76,0,NORMAL
2026-09-05T16:32:50.454383+00:00,1788625970454,AWS-001,Coastal Marine AWS,34.37,56.8,24.54,1013.38,4.6,163.3,217.2,0.0,0.0,13.75,0,NORMAL
2026-09-05T16:33:50.454383+00:00,1788626030454,AWS-001,Coastal Marine AWS,34.42,57.8,24.88,1013.29,7.6,163.9,222.7,0.0,0.0,13.73,0,NORMAL
2026-09-05T16:34:50.454383+00:00,1788626090454,AWS-001,Coastal Marine AWS,34.55,56.4,24.59,1013.28,6.8,163.7,273.1,0.0,0.0,13.79,0,NORMAL
2026-09-05T16:35:50.454383+00:00,1788626150454,AWS-001,Coastal Marine AWS,34.42,56.9,24.62,1013.4,5.4,158.1,260.3,0.0,0.0,13.77,0,NORMAL
2026-09-05T16:36:50.454383+00:00,1788626210454,AWS-001,Coastal Marine AWS,34.5,57.7,24.92,1013.19,5.5,154.0,234.4,0.0,0.0,13.73,0,NORMAL
2026-09-05T16:37:50.454383+00:00,1788626270454,AWS-001,Coastal Marine AWS,34.24,57.4,24.59,1013.24,4.2,149.5,208.2,0.0,0.0,13.74,0,NORMAL
2026-09-05T16:38:50.454383+00:00,1788626330454,AWS-001,Coastal Marine AWS,34.24,56.5,24.33,1013.24,4.6,150.5,239.2,0.0,0.0,13.78,0,NORMAL
2026-09-05T16:39:50.454383+00:00,1788626390454,AWS-001,Coastal Marine AWS,34.3,57.8,24.77,1013.27,7.3,150.9,261.0,0.0,0.0,13.79,0,NORMAL
2026-09-05T16:40:50.454383+00:00,1788626450454,AWS-001,Coastal Marine AWS,33.95,57.6,24.38,1013.31,4.3,150.5,187.6,0.0,0.0,13.71,0,NORMAL
2026-09-05T16:41:50.454383+00:00,1788626510454,AWS-001,Coastal Marine AWS,34.44,58.9,25.21,1013.29,6.1,148.4,240.3,0.0,0.0,13.77,0,NORMAL
2026-09-05T16:42:50.454383+00:00,1788626570454,AWS-001,Coastal Marine AWS,34.08,58.0,24.62,1013.35,5.6,146.7,218.6,0.0,0.0,13.76,0,NORMAL
2026-09-05T16:43:50.454383+00:00,1788626630454,AWS-001,Coastal Marine AWS,34.41,57.3,24.72,1013.34,5.8,144.4,238.0,0.0,0.0,13.79,0,NORMAL
2026-09-05T16:44:50.454383+00:00,1788626690454,AWS-001,Coastal Marine AWS,34.21,58.5,24.88,1013.34,5.6,145.0,167.9,0.0,0.0,13.72,0,NORMAL
2026-09-05T16:45:50.454383+00:00,1788626750454,AWS-001,Coastal Marine AWS,34.1,58.9,24.9,1013.16,4.9,146.3,161.4,0.0,0.0,13.69,0,NORMAL
2026-09-05T16:46:50.454383+00:00,1788626810454,AWS-001,Coastal Marine AWS,33.86,58.7,24.62,1013.22,7.5,142.3,179.1,0.0,0.0,13.74,0,NORMAL
2026-09-05T16:47:50.454383+00:00,1788626870454,AWS-001,Coastal Marine AWS,33.95,57.9,24.47,1013.28,6.2,133.6,166.2,0.0,0.0,13.75,0,NORMAL
2026-09-05T16:48:50.454383+00:00,1788626930454,AWS-001,Coastal Marine AWS,34.23,59.1,25.08,1013.19,4.6,133.7,148.1,0.0,0.0,13.69,0,NORMAL
2026-09-05T16:49:50.454383+00:00,1788626990454,AWS-001,Coastal Marine AWS,33.97,58.4,24.63,1013.18,4.7,132.7,191.0,0.0,0.0,13.75,0,NORMAL
2026-09-05T16:50:50.454383+00:00,1788627050454,AWS-001,Coastal Marine AWS,34.29,58.3,24.9,1013.28,6.8,130.8,215.6,0.0,0.0,13.75,0,NORMAL
2026-09-05T16:51:50.454383+00:00,1788627110454,AWS-001,Coastal Marine AWS,33.98,58.0,24.53,1013.25,3.9,130.2,167.6,0.0,0.0,13.72,0,NORMAL
2026-09-05T16:52:50.454383+00:00,1788627170454,AWS-001,Coastal Marine AWS,34.0,58.2,24.6,1013.27,5.4,126.7,201.5,0.0,0.0,13.77,0,NORMAL
2026-09-05T16:53:50.454383+00:00,1788627230454,AWS-001,Coastal Marine AWS,34.25,59.0,25.07,1013.22,6.1,129.9,138.8,0.0,0.0,13.66,0,NORMAL
2026-09-05T16:54:50.454383+00:00,1788627290454,AWS-001,Coastal Marine AWS,34.24,58.5,24.91,1013.3,3.9,131.0,191.6,0.0,0.0,13.74,0,NORMAL
2026-09-05T16:55:50.454383+00:00,1788627350454,AWS-001,Coastal Marine AWS,34.18,58.4,24.83,1013.31,4.3,134.3,209.2,0.0,0.0,13.73,0,NORMAL
2026-09-05T16:56:50.454383+00:00,1788627410454,AWS-001,Coastal Marine AWS,33.92,58.3,24.56,1013.23,4.7,141.6,193.2,0.0,0.0,13.77,0,NORMAL
2026-09-05T16:57:50.454383+00:00,1788627470454,AWS-001,Coastal Marine AWS,33.74,59.4,24.7,1013.16,7.5,139.2,180.9,0.0,0.0,13.71,0,NORMAL
2026-09-05T16:58:50.454383+00:00,1788627530454,AWS-001,Coastal Marine AWS,33.83,58.9,24.64,1013.22,4.5,139.2,190.0,0.0,0.0,13.71,0,NORMAL
2026-09-05T16:59:50.454383+00:00,1788627590454,AWS-001,Coastal Marine AWS,33.84,59.5,24.82,1013.18,4.5,138.4,140.7,0.0,0.0,13.72,0,NORMAL
2026-09-05T17:00:50.454383+00:00,1788627650454,AWS-001,Coastal Marine AWS,33.86,58.5,24.56,1013.21,7.5,138.0,142.0,0.0,0.0,13.68,0,NORMAL
2026-09-05T17:01:50.454383+00:00,1788627710454,AWS-001,Coastal Marine AWS,33.94,59.7,24.97,1013.09,4.8,136.7,145.4,0.0,0.0,13.74,0,NORMAL
2026-09-05T17:02:50.454383+00:00,1788627770454,AWS-001,Coastal Marine AWS,33.69,59.1,24.57,1013.2,4.5,132.7,158.2,0.0,0.0,13.73,0,NORMAL
2026-09-05T17:03:50.454383+00:00,1788627830454,AWS-001,Coastal Marine AWS,33.87,59.5,24.85,1013.21,5.0,130.7,169.0,0.0,0.0,13.71,0,NORMAL
2026-09-05T17:04:50.454383+00:00,1788627890454,AWS-001,Coastal Marine AWS,33.88,59.2,24.78,1013.26,4.6,128.4,133.7,0.0,0.0,13.71,0,NORMAL
2026-09-05T17:05:50.454383+00:00,1788627950454,AWS-001,Coastal Marine AWS,33.64,61.9,25.3,1013.15,4.6,127.9,93.7,0.0,0.0,13.66,0,NORMAL
2026-09-05T17:06:50.454383+00:00,1788628010454,AWS-001,Coastal Marine AWS,33.93,59.7,24.96,1013.12,5.8,133.9,146.6,0.0,0.0,13.7,0,NORMAL
2026-09-05T17:07:50.454383+00:00,1788628070454,AWS-001,Coastal Marine AWS,33.66,60.0,24.8,1013.2,6.4,131.5,134.4,0.0,0.0,13.68,0,NORMAL
2026-09-05T17:08:50.454383+00:00,1788628130454,AWS-001,Coastal Marine AWS,33.53,59.8,24.62,1013.17,4.3,131.0,127.4,0.0,0.0,13.67,0,NORMAL
2026-09-05T17:09:50.454383+00:00,1788628190454,AWS-001,Coastal Marine AWS,33.64,59.8,24.72,1013.14,4.6,131.0,145.6,0.0,0.0,13.7,0,NORMAL
2026-09-05T17:10:50.454383+00:00,1788628250454,AWS-001,Coastal Marine AWS,33.69,60.5,24.96,1013.1,7.5,129.2,101.0,0.0,0.0,13.68,0,NORMAL
2026-09-05T17:11:50.454383+00:00,1788628310454,AWS-001,Coastal Marine AWS,33.71,61.0,25.12,1013.15,8.2,131.8,127.8,0.0,0.0,13.64,0,NORMAL
2026-09-05T17:12:50.454383+00:00,1788628370454,AWS-001,Coastal Marine AWS,33.61,61.1,25.05,1013.06,3.9,131.0,144.3,0.0,0.0,13.74,0,NORMAL
2026-09-05T17:13:50.454383+00:00,1788628430454,AWS-001,Coastal Marine AWS,33.24,60.6,24.57,1013.11,3.5,131.7,81.0,0.0,0.0,13.67,0,NORMAL
2026-09-05T17:14:50.454383+00:00,1788628490454,AWS-001,Coastal Marine AWS,33.8,59.7,24.84,1013.08,4.9,134.8,118.3,0.0,0.0,13.67,0,NORMAL
2026-09-05T17:15:50.454383+00:00,1788628550454,AWS-001,Coastal Marine AWS,33.7,60.9,25.08,1013.12,4.2,135.1,116.4,0.0,0.0,13.7,0,NORMAL
2026-09-05T17:16:50.454383+00:00,1788628610454,AWS-001,Coastal Marine AWS,33.17,62.0,24.89,1013.12,5.4,134.2,81.4,0.0,0.0,13.63,0,NORMAL
2026-09-05T17:17:50.454383+00:00,1788628670454,AWS-001,Coastal Marine AWS,33.61,61.2,25.08,1013.13,5.1,136.4,119.6,0.0,0.0,13.67,0,NORMAL
2026-09-05T17:18:50.454383+00:00,1788628730454,AWS-001,Coastal Marine AWS,33.51,61.4,25.04,1013.09,4.6,134.7,109.6,0.0,0.0,13.69,0,NORMAL
2026-09-05T17:19:50.454383+00:00,1788628790454,AWS-001,Coastal Marine AWS,33.32,62.0,25.03,1013.11,4.9,130.1,105.6,0.0,0.0,13.68,0,NORMAL
2026-09-05T17:20:50.454383+00:00,1788628850454,AWS-001,Coastal Marine AWS,33.7,60.7,25.03,1013.08,4.3,123.7,72.3,0.0,0.0,13.65,0,NORMAL
2026-09-05T17:21:50.454383+00:00,1788628910454,AWS-001,Coastal Marine AWS,33.33,60.5,24.63,1013.1,5.0,123.2,104.8,0.0,0.0,13.63,0,NORMAL
2026-09-05T17:22:50.454383+00:00,1788628970454,AWS-001,Coastal Marine AWS,33.58,61.3,25.08,1012.98,5.9,120.7,86.9,0.0,0.0,13.64,0,NORMAL
2026-09-05T17:23:50.454383+00:00,1788629030454,AWS-001,Coastal Marine AWS,33.37,61.4,24.91,1013.1,3.5,123.0,96.1,0.0,0.0,13.66,0,NORMAL
2026-09-05T17:24:50.454383+00:00,1788629090454,AWS-001,Coastal Marine AWS,33.12,61.1,24.59,1013.0,5.7,126.8,91.9,0.0,0.0,13.68,0,NORMAL
2026-09-05T17:25:50.454383+00:00,1788629150454,AWS-001,Coastal Marine AWS,33.28,61.5,24.85,1012.97,4.4,127.4,76.8,0.0,0.0,13.67,0,NORMAL
2026-09-05T17:26:50.454383+00:00,1788629210454,AWS-001,Coastal Marine AWS,33.05,60.8,24.45,1012.86,4.4,127.9,86.2,0.0,0.0,13.68,0,NORMAL
2026-09-05T17:27:50.454383+00:00,1788629270454,AWS-001,Coastal Marine AWS,33.13,61.6,24.74,1013.01,5.9,125.7,76.0,0.0,0.0,13.63,0,NORMAL
2026-09-05T17:28:50.454383+00:00,1788629330454,AWS-001,Coastal Marine AWS,33.49,61.9,25.16,1012.99,4.4,122.4,84.2,0.0,0.0,13.68,0,NORMAL
2026-09-05T17:29:50.454383+00:00,1788629390454,AWS-001,Coastal Marine AWS,33.17,60.8,24.56,1012.98,4.4,120.9,77.1,0.0,0.0,13.65,0,NORMAL
2026-09-05T17:30:50.454383+00:00,1788629450454,AWS-001,Coastal Marine AWS,33.32,62.0,25.03,1012.96,5.2,121.8,81.1,0.0,0.0,13.67,0,NORMAL
2026-09-05T17:31:50.454383+00:00,1788629510454,AWS-001,Coastal Marine AWS,33.32,62.0,25.03,1013.01,4.6,126.6,84.4,0.0,0.0,13.66,0,NORMAL
2026-09-05T17:32:50.454383+00:00,1788629570454,AWS-001,Coastal Marine AWS,33.36,61.9,25.04,1012.97,6.0,132.2,81.7,0.0,0.0,13.67,0,NORMAL
2026-09-05T17:33:50.454383+00:00,1788629630454,AWS-001,Coastal Marine AWS,32.99,62.3,24.8,1012.88,5.1,129.7,51.0,0.0,0.0,13.67,0,NORMAL
2026-09-05T17:34:50.454383+00:00,1788629690454,AWS-001,Coastal Marine AWS,33.03,62.3,24.84,1012.87,5.9,131.2,55.7,0.0,0.0,13.63,0,NORMAL
2026-09-05T17:35:50.454383+00:00,1788629750454,AWS-001,Coastal Marine AWS,32.85,82.5,24.53,1012.91,4.0,126.4,52.6,0.0,0.0,13.65,1,FLATLINE
2026-09-05T17:36:50.454383+00:00,1788629810454,AWS-001,Coastal Marine AWS,32.9,82.5,24.77,1012.8,6.2,126.5,38.6,0.0,0.0,12.38,1,FLATLINE
2026-09-05T17:37:50.454383+00:00,1788629870454,AWS-001,Coastal Marine AWS,32.77,82.5,24.78,1012.92,4.7,133.7,46.6,0.0,0.0,12.38,1,FLATLINE
2026-09-05T17:38:50.454383+00:00,1788629930454,AWS-001,Coastal Marine AWS,32.92,82.5,24.87,1012.86,6.0,137.8,52.0,0.0,0.0,13.68,1,FLATLINE
2026-09-05T17:39:50.454383+00:00,1788629990454,AWS-001,Coastal Marine AWS,32.85,82.5,24.77,1012.82,6.1,139.8,47.1,0.0,0.0,12.4,1,FLATLINE
2026-09-05T17:40:50.454383+00:00,1788630050454,AWS-001,Coastal Marine AWS,33.06,82.5,25.32,1012.83,4.6,143.4,46.5,0.0,0.0,12.41,1,FLATLINE
2026-09-05T17:41:50.454383+00:00,1788630110454,AWS-001,Coastal Marine AWS,33.09,82.5,24.92,1012.84,3.7,141.7,49.3,0.0,0.0,12.38,1,FLATLINE
2026-09-05T17:42:50.454383+00:00,1788630170454,AWS-001,Coastal Marine AWS,32.77,82.5,24.81,1012.77,5.1,133.9,32.3,0.0,0.0,12.42,1,FLATLINE
2026-09-05T17:43:50.454383+00:00,1788630230454,AWS-001,Coastal Marine AWS,32.9,82.5,24.82,1012.79,3.4,137.0,41.3,0.0,0.0,12.4,1,FLATLINE
2026-09-05T17:44:50.454383+00:00,1788630290454,AWS-001,Coastal Marine AWS,32.96,82.5,25.17,1012.82,4.9,132.9,40.7,0.0,0.0,12.37,1,FLATLINE
2026-09-05T17:45:50.454383+00:00,1788630350454,AWS-001,Coastal Marine AWS,33.08,82.5,25.1,1012.8,4.5,133.2,30.7,0.0,0.0,12.42,1,FLATLINE
2026-09-05T17:46:50.454383+00:00,1788630410454,AWS-001,Coastal Marine AWS,32.92,82.5,24.87,1012.86,3.9,137.2,16.1,0.0,0.0,12.39,1,FLATLINE
2026-09-05T17:47:50.454383+00:00,1788630470454,AWS-001,Coastal Marine AWS,32.71,82.5,24.78,1012.77,5.6,137.9,36.2,0.0,0.0,12.39,1,FLATLINE
2026-09-05T17:48:50.454383+00:00,1788630530454,AWS-001,Coastal Marine AWS,32.63,82.5,24.78,1012.69,4.7,138.7,26.7,0.0,0.0,12.41,1,FLATLINE
2026-09-05T17:49:50.454383+00:00,1788630590454,AWS-001,Coastal Marine AWS,32.83,82.5,25.02,1012.7,4.1,140.1,24.3,0.0,0.0,12.4,1,FLATLINE
2026-09-05T17:50:50.454383+00:00,1788630650454,AWS-001,Coastal Marine AWS,32.77,82.5,24.89,1012.69,4.8,147.9,18.8,0.0,0.0,12.38,1,FLATLINE
2026-09-05T17:51:50.454383+00:00,1788630710454,AWS-001,Coastal Marine AWS,32.7,82.5,25.03,1012.69,3.9,149.9,10.4,0.0,0.0,12.45,1,FLATLINE
2026-09-05T17:52:50.454383+00:00,1788630770454,AWS-001,Coastal Marine AWS,32.53,82.5,24.82,1012.64,4.5,153.4,23.7,0.0,0.0,12.39,1,FLATLINE
2026-09-05T17:53:50.454383+00:00,1788630830454,AWS-001,Coastal Marine AWS,32.76,82.5,24.93,1012.77,3.9,155.0,12.0,0.0,0.0,12.4,1,FLATLINE
2026-09-05T17:54:50.454383+00:00,1788630890454,AWS-001,Coastal Marine AWS,32.62,82.5,25.09,1012.7,6.8,160.0,5.1,0.0,0.0,12.37,1,FLATLINE
2026-09-05T17:55:50.454383+00:00,1788630950454,AWS-001,Coastal Marine AWS,32.56,82.5,25.11,1012.61,3.1,160.7,17.3,0.0,0.0,12.41,1,FLATLINE
2026-09-05T17:56:50.454383+00:00,1788631010454,AWS-001,Coastal Marine AWS,32.93,82.5,25.25,1012.62,7.0,155.6,0.0,0.0,0.0,12.43,1,FLATLINE
2026-09-05T17:57:50.454383+00:00,1788631070454,AWS-001,Coastal Marine AWS,32.44,82.5,24.92,1012.52,5.3,153.9,0.0,0.0,0.0,12.39,1,FLATLINE
2026-09-05T17:58:50.454383+00:00,1788631130454,AWS-001,Coastal Marine AWS,32.42,82.5,24.87,1012.65,4.3,152.9,0.0,0.0,0.0,12.42,1,FLATLINE
2026-09-05T17:59:50.454383+00:00,1788631190454,AWS-001,Coastal Marine AWS,32.23,82.5,24.64,1012.54,3.3,151.9,0.0,0.0,0.0,12.37,1,FLATLINE
2026-09-05T18:00:50.454383+00:00,1788631250454,AWS-001,Coastal Marine AWS,32.4,82.5,24.88,1012.52,6.6,150.6,0.0,0.0,0.0,12.44,1,FLATLINE
2026-09-05T18:01:50.454383+00:00,1788631310454,AWS-001,Coastal Marine AWS,32.64,82.5,24.92,1012.45,4.9,150.5,0.0,0.0,0.0,12.42,1,FLATLINE
2026-09-05T18:02:50.454383+00:00,1788631370454,AWS-001,Coastal Marine AWS,32.63,82.5,25.02,1012.54,5.5,149.9,0.0,0.0,0.0,12.38,1,FLATLINE
2026-09-05T18:03:50.454383+00:00,1788631430454,AWS-001,Coastal Marine AWS,32.24,82.5,24.6,1012.52,5.8,151.1,0.0,0.0,0.0,12.4,1,FLATLINE
2026-09-05T18:04:50.454383+00:00,1788631490454,AWS-001,Coastal Marine AWS,32.46,82.5,24.8,1012.47,5.4,147.3,0.0,0.0,0.0,12.4,1,FLATLINE
2026-09-05T18:05:50.454383+00:00,1788631550454,AWS-001,Coastal Marine AWS,32.39,65.6,25.1,1012.52,6.2,146.9,0.0,0.0,0.0,12.43,0,NORMAL
2026-09-05T18:06:50.454383+00:00,1788631610454,AWS-001,Coastal Marine AWS,32.55,65.7,25.28,1012.55,5.7,145.2,0.0,0.0,0.0,12.4,0,NORMAL
2026-09-05T18:07:50.454383+00:00,1788631670454,AWS-001,Coastal Marine AWS,32.45,65.0,25.0,1012.5,5.0,144.0,0.0,0.0,0.0,12.42,0,NORMAL
2026-09-05T18:08:50.454383+00:00,1788631730454,AWS-001,Coastal Marine AWS,32.04,65.5,24.74,1012.5,3.5,140.8,0.0,0.0,0.0,12.4,0,NORMAL
2026-09-05T18:09:50.454383+00:00,1788631790454,AWS-001,Coastal Marine AWS,32.33,65.4,24.99,1012.51,4.1,138.7,0.0,0.0,0.0,12.38,0,NORMAL
2026-09-05T18:10:50.454383+00:00,1788631850454,AWS-001,Coastal Marine AWS,32.31,64.9,24.84,1012.46,6.2,140.1,0.0,0.0,0.0,12.4,0,NORMAL
2026-09-05T18:11:50.454383+00:00,1788631910454,AWS-001,Coastal Marine AWS,32.16,65.0,24.73,1012.39,5.6,141.2,0.0,0.0,0.0,12.42,0,NORMAL
2026-09-05T18:12:50.454383+00:00,1788631970454,AWS-001,Coastal Marine AWS,32.27,65.1,24.86,1012.45,6.7,144.1,0.0,0.0,0.0,12.39,0,NORMAL
2026-09-05T18:13:50.454383+00:00,1788632030454,AWS-001,Coastal Marine AWS,32.18,64.5,24.62,1012.4,5.8,141.5,0.0,0.0,0.0,12.41,0,NORMAL
2026-09-05T18:14:50.454383+00:00,1788632090454,AWS-001,Coastal Marine AWS,32.04,66.8,25.07,1012.52,5.3,136.9,0.0,0.0,0.0,12.38,0,NORMAL
2026-09-05T18:15:50.454383+00:00,1788632150454,AWS-001,Coastal Marine AWS,32.23,66.0,25.05,1012.43,4.2,135.0,0.0,0.0,0.0,12.38,0,NORMAL
2026-09-05T18:16:50.454383+00:00,1788632210454,AWS-001,Coastal Marine AWS,32.02,66.3,24.93,1012.42,6.4,136.7,0.0,0.0,0.0,12.34,0,NORMAL
2026-09-05T18:17:50.454383+00:00,1788632270454,AWS-001,Coastal Marine AWS,32.22,66.2,25.09,1012.46,4.5,135.9,0.0,0.0,0.0,12.39,0,NORMAL
2026-09-05T18:18:50.454383+00:00,1788632330454,AWS-001,Coastal Marine AWS,31.82,65.7,24.59,1012.41,4.3,131.7,0.0,0.0,0.0,12.41,0,NORMAL
2026-09-05T18:19:50.454383+00:00,1788632390454,AWS-001,Coastal Marine AWS,31.85,65.7,24.61,1012.44,3.9,134.1,0.0,0.0,0.0,12.4,0,NORMAL
2026-09-05T18:20:50.454383+00:00,1788632450454,AWS-001,Coastal Marine AWS,31.95,65.9,24.76,1012.49,3.7,134.4,0.0,0.0,0.0,12.38,0,NORMAL
2026-09-05T18:21:50.454383+00:00,1788632510454,AWS-001,Coastal Marine AWS,31.82,65.4,24.51,1012.37,5.5,134.7,0.0,0.0,0.0,12.41,0,NORMAL
2026-09-05T18:22:50.454383+00:00,1788632570454,AWS-001,Coastal Marine AWS,31.74,66.7,24.76,1012.41,4.1,133.1,0.0,0.0,0.0,12.4,0,NORMAL
2026-09-05T18:23:50.454383+00:00,1788632630454,AWS-001,Coastal Marine AWS,32.02,66.8,25.05,1012.34,5.5,136.8,0.0,0.0,0.0,12.39,0,NORMAL
2026-09-05T18:24:50.454383+00:00,1788632690454,AWS-001,Coastal Marine AWS,31.81,65.9,24.63,1012.29,5.9,134.6,0.0,0.0,0.0,12.39,0,NORMAL
2026-09-05T18:25:50.454383+00:00,1788632750454,AWS-001,Coastal Marine AWS,32.05,67.3,25.21,1012.33,5.7,137.2,0.0,0.0,0.0,12.41,0,NORMAL
2026-09-05T18:26:50.454383+00:00,1788632810454,AWS-001,Coastal Marine AWS,31.83,66.0,24.67,1012.29,4.2,138.1,0.0,0.0,0.0,12.39,0,NORMAL
2026-09-05T18:27:50.454383+00:00,1788632870454,AWS-001,Coastal Marine AWS,31.76,66.4,24.71,1012.42,3.9,132.3,0.0,0.0,0.0,12.4,0,NORMAL
2026-09-05T18:28:50.454383+00:00,1788632930454,AWS-001,Coastal Marine AWS,31.55,66.7,24.58,1012.28,3.8,132.7,0.0,0.0,0.0,12.39,0,NORMAL
2026-09-05T18:29:50.454383+00:00,1788632990454,AWS-001,Coastal Marine AWS,31.84,66.2,24.73,1012.32,5.2,128.5,0.0,0.0,0.0,12.42,0,NORMAL
2026-09-05T18:30:50.454383+00:00,1788633050454,AWS-001,Coastal Marine AWS,31.48,67.3,24.67,1012.32,5.9,127.7,0.0,0.0,0.0,12.44,0,NORMAL
2026-09-05T18:31:50.454383+00:00,1788633110454,AWS-001,Coastal Marine AWS,31.55,66.5,24.53,1012.33,5.3,128.2,0.0,0.0,0.0,12.39,0,NORMAL
2026-09-05T18:32:50.454383+00:00,1788633170454,AWS-001,Coastal Marine AWS,31.46,67.4,24.67,1012.31,4.9,129.4,0.0,0.0,0.0,12.38,0,NORMAL
2026-09-05T18:33:50.454383+00:00,1788633230454,AWS-001,Coastal Marine AWS,31.83,67.3,25.0,1012.32,4.2,131.3,0.0,0.0,0.0,12.42,0,NORMAL
2026-09-05T18:34:50.454383+00:00,1788633290454,AWS-001,Coastal Marine AWS,31.41,67.2,24.58,1012.29,4.6,126.7,0.0,0.0,0.0,12.4,0,NORMAL
2026-09-05T18:35:50.454383+00:00,1788633350454,AWS-001,Coastal Marine AWS,31.57,67.1,24.7,1012.25,5.3,124.9,0.0,0.0,0.0,12.36,0,NORMAL
2026-09-05T18:36:50.454383+00:00,1788633410454,AWS-001,Coastal Marine AWS,31.54,68.0,24.9,1012.37,4.6,120.2,0.0,0.0,0.0,12.42,0,NORMAL
2026-09-05T18:37:50.454383+00:00,1788633470454,AWS-001,Coastal Marine AWS,31.59,67.7,24.87,1012.25,6.9,118.4,0.0,0.0,0.0,12.38,0,NORMAL
2026-09-05T18:38:50.454383+00:00,1788633530454,AWS-001,Coastal Marine AWS,31.47,67.6,24.73,1012.36,6.1,117.1,0.0,0.0,0.0,12.41,0,NORMAL
2026-09-05T18:39:50.454383+00:00,1788633590454,AWS-001,Coastal Marine AWS,31.59,67.8,24.9,1012.26,4.4,123.4,0.0,0.0,0.0,12.45,0,NORMAL
2026-09-05T18:40:50.454383+00:00,1788633650454,AWS-001,Coastal Marine AWS,31.53,69.0,25.13,1012.15,4.2,122.9,0.0,0.0,0.0,12.36,0,NORMAL
2026-09-05T18:41:50.454383+00:00,1788633710454,AWS-001,Coastal Marine AWS,31.33,67.7,24.62,1012.24,8.2,128.5,0.0,0.0,0.0,12.4,0,NORMAL
2026-09-05T18:42:50.454383+00:00,1788633770454,AWS-001,Coastal Marine AWS,31.38,69.5,25.11,1012.19,6.6,129.9,0.0,0.0,0.0,12.37,0,NORMAL
2026-09-05T18:43:50.454383+00:00,1788633830454,AWS-001,Coastal Marine AWS,31.27,67.7,24.57,1012.14,4.2,130.4,0.0,0.0,0.0,12.38,0,NORMAL
2026-09-05T18:44:50.454383+00:00,1788633890454,AWS-001,Coastal Marine AWS,31.2,67.8,24.52,1012.09,4.5,126.5,0.0,0.0,0.0,12.4,0,NORMAL
2026-09-05T18:45:50.454383+00:00,1788633950454,AWS-001,Coastal Marine AWS,31.47,67.7,24.76,1012.13,6.8,124.5,0.0,0.0,0.0,12.4,0,NORMAL
2026-09-05T18:46:50.454383+00:00,1788634010454,AWS-001,Coastal Marine AWS,31.28,68.8,24.85,1012.14,5.1,124.2,0.0,0.0,0.0,12.39,0,NORMAL
2026-09-05T18:47:50.454383+00:00,1788634070454,AWS-001,Coastal Marine AWS,31.37,68.6,24.88,1012.21,4.9,118.4,0.0,0.0,0.0,12.39,0,NORMAL
2026-09-05T18:48:50.454383+00:00,1788634130454,AWS-001,Coastal Marine AWS,31.14,68.7,24.69,1012.19,4.2,118.5,0.0,0.0,0.0,12.36,0,NORMAL
2026-09-05T18:49:50.454383+00:00,1788634190454,AWS-001,Coastal Marine AWS,31.28,68.6,24.8,1012.09,4.5,109.8,0.0,0.0,0.0,12.42,0,NORMAL
2026-09-05T18:50:50.454383+00:00,1788634250454,AWS-001,Coastal Marine AWS,31.32,68.0,24.69,1012.2,3.5,110.3,0.0,0.0,0.0,12.46,0,NORMAL
2026-09-05T18:51:50.454383+00:00,1788634310454,AWS-001,Coastal Marine AWS,31.28,69.2,24.94,1012.15,3.7,113.2,0.0,0.0,0.0,12.42,0,NORMAL
2026-09-05T18:52:50.454383+00:00,1788634370454,AWS-001,Coastal Marine AWS,31.26,69.2,24.92,1012.16,4.9,111.7,0.0,0.0,0.0,12.41,0,NORMAL
2026-09-05T18:53:50.454383+00:00,1788634430454,AWS-001,Coastal Marine AWS,30.93,69.6,24.71,1012.08,4.1,109.6,0.0,0.0,0.0,12.4,0,NORMAL
2026-09-05T18:54:50.454383+00:00,1788634490454,AWS-001,Coastal Marine AWS,31.34,68.9,24.93,1012.03,3.4,108.6,0.0,0.0,0.0,12.41,0,NORMAL
2026-09-05T18:55:50.454383+00:00,1788634550454,AWS-001,Coastal Marine AWS,30.96,68.8,24.54,1012.07,6.5,102.4,0.0,0.0,0.0,12.39,0,NORMAL
2026-09-05T18:56:50.454383+00:00,1788634610454,AWS-001,Coastal Marine AWS,31.2,68.9,24.79,1012.03,3.2,102.0,0.0,0.0,0.0,12.42,0,NORMAL
2026-09-05T18:57:50.454383+00:00,1788634670454,AWS-001,Coastal Marine AWS,30.81,70.6,24.83,1012.02,3.6,101.1,0.0,0.0,0.0,12.41,0,NORMAL
2026-09-05T18:58:50.454383+00:00,1788634730454,AWS-001,Coastal Marine AWS,31.05,69.0,24.68,1012.0,4.3,98.0,0.0,0.0,0.0,12.39,0,NORMAL
2026-09-05T18:59:50.454383+00:00,1788634790454,AWS-001,Coastal Marine AWS,31.03,68.9,24.63,1012.01,3.9,96.8,0.0,0.0,0.0,12.41,0,NORMAL
2026-09-05T19:00:50.454383+00:00,1788634850454,AWS-001,Coastal Marine AWS,30.84,69.3,24.55,1012.09,3.4,92.7,0.0,0.0,0.0,12.4,0,NORMAL
2026-09-05T19:01:50.454383+00:00,1788634910454,AWS-001,Coastal Marine AWS,31.16,70.3,25.09,1012.05,5.0,91.4,0.0,0.0,0.0,12.38,0,NORMAL
2026-09-05T19:02:50.454383+00:00,1788634970454,AWS-001,Coastal Marine AWS,30.98,70.5,24.97,1011.97,5.5,95.4,0.0,0.0,0.0,12.44,0,NORMAL
2026-09-05T19:03:50.454383+00:00,1788635030454,AWS-001,Coastal Marine AWS,30.92,70.0,24.79,1012.03,3.6,95.2,0.0,0.0,0.0,12.4,0,NORMAL
2026-09-05T19:04:50.454383+00:00,1788635090454,AWS-001,Coastal Marine AWS,30.81,69.2,24.5,1012.01,6.6,93.1,0.0,0.0,0.0,12.42,0,NORMAL
2026-09-05T19:05:50.454383+00:00,1788635150454,AWS-001,Coastal Marine AWS,30.9,70.5,24.89,1011.9,4.2,93.4,0.0,0.0,0.0,12.4,0,NORMAL
2026-09-05T19:06:50.454383+00:00,1788635210454,AWS-001,Coastal Marine AWS,30.77,70.6,24.79,1011.92,5.7,91.0,0.0,0.0,0.0,12.39,0,NORMAL
2026-09-05T19:07:50.454383+00:00,1788635270454,AWS-001,Coastal Marine AWS,30.89,71.4,25.1,1012.0,5.2,92.2,0.0,0.0,0.0,12.41,0,NORMAL
2026-09-05T19:08:50.454383+00:00,1788635330454,AWS-001,Coastal Marine AWS,30.86,69.6,24.64,1011.93,4.4,86.3,0.0,0.0,0.0,12.39,0,NORMAL
2026-09-05T19:09:50.454383+00:00,1788635390454,AWS-001,Coastal Marine AWS,30.85,70.8,24.92,1011.96,5.3,89.8,0.0,0.0,0.0,12.4,0,NORMAL
2026-09-05T19:10:50.454383+00:00,1788635450454,AWS-001,Coastal Marine AWS,30.94,70.3,24.88,1012.01,7.9,88.4,0.0,0.0,0.0,12.39,0,NORMAL
2026-09-05T19:11:50.454383+00:00,1788635510454,AWS-001,Coastal Marine AWS,30.63,70.0,24.52,1011.92,7.4,86.3,0.0,0.0,0.0,12.42,0,NORMAL
2026-09-05T19:12:50.454383+00:00,1788635570454,AWS-001,Coastal Marine AWS,30.36,70.7,24.43,1011.97,3.4,86.1,0.0,0.0,0.0,12.39,0,NORMAL
2026-09-05T19:13:50.454383+00:00,1788635630454,AWS-001,Coastal Marine AWS,30.36,70.7,24.43,1011.89,5.0,81.2,0.0,0.0,0.0,12.36,0,NORMAL
2026-09-05T19:14:50.454383+00:00,1788635690454,AWS-001,Coastal Marine AWS,30.51,70.8,24.59,1011.9,7.2,77.6,0.0,0.0,0.0,12.44,0,NORMAL
2026-09-05T19:15:50.454383+00:00,1788635750454,AWS-001,Coastal Marine AWS,30.67,71.0,24.79,1011.88,5.8,76.8,0.0,0.0,0.0,12.41,0,NORMAL
2026-09-05T19:16:50.454383+00:00,1788635810454,AWS-001,Coastal Marine AWS,30.6,71.0,24.73,1011.88,5.3,76.9,0.0,0.0,0.0,12.42,0,NORMAL
2026-09-05T19:17:50.454383+00:00,1788635870454,AWS-001,Coastal Marine AWS,30.68,71.9,25.01,1011.94,5.4,77.7,0.0,0.0,0.0,12.38,0,NORMAL
2026-09-05T19:18:50.454383+00:00,1788635930454,AWS-001,Coastal Marine AWS,30.17,71.3,24.38,1011.86,3.9,76.3,0.0,0.0,0.0,12.37,0,NORMAL
2026-09-05T19:19:50.454383+00:00,1788635990454,AWS-001,Coastal Marine AWS,30.61,70.8,24.69,1011.85,4.8,79.4,0.0,0.0,0.0,12.41,0,NORMAL
2026-09-05T19:20:50.454383+00:00,1788636050454,AWS-001,Coastal Marine AWS,30.54,71.2,24.72,1011.84,4.6,79.4,0.0,0.0,0.0,12.41,0,NORMAL
2026-09-05T19:21:50.454383+00:00,1788636110454,AWS-001,Coastal Marine AWS,30.55,70.8,24.63,1011.89,5.7,80.9,0.0,0.0,0.0,12.42,0,NORMAL
2026-09-05T19:22:50.454383+00:00,1788636170454,AWS-001,Coastal Marine AWS,30.0,71.1,24.18,1011.91,3.6,81.2,0.0,0.0,0.0,12.41,0,NORMAL
2026-09-05T19:23:50.454383+00:00,1788636230454,AWS-001,Coastal Marine AWS,30.37,72.6,24.88,1011.81,3.9,80.5,0.0,0.0,0.0,12.4,0,NORMAL
2026-09-05T19:24:50.454383+00:00,1788636290454,AWS-001,Coastal Marine AWS,29.98,72.6,24.51,1011.87,4.9,70.6,0.0,0.0,0.0,12.41,0,NORMAL
2026-09-05T19:25:50.454383+00:00,1788636350454,AWS-001,Coastal Marine AWS,30.31,72.0,24.68,1011.87,4.2,67.4,0.0,0.0,0.0,12.39,0,NORMAL
2026-09-05T19:26:50.454383+00:00,1788636410454,AWS-001,Coastal Marine AWS,30.23,72.4,24.7,1011.88,5.1,63.8,0.0,0.0,0.0,12.41,0,NORMAL
2026-09-05T19:27:50.454383+00:00,1788636470454,AWS-001,Coastal Marine AWS,30.22,72.1,24.62,1011.79,3.6,59.0,0.0,0.0,0.0,12.4,0,NORMAL
2026-09-05T19:28:50.454383+00:00,1788636530454,AWS-001,Coastal Marine AWS,30.51,72.9,25.08,1011.79,4.8,61.7,0.0,0.0,0.0,12.41,0,NORMAL
2026-09-05T19:29:50.454383+00:00,1788636590454,AWS-001,Coastal Marine AWS,30.12,72.5,24.62,1011.88,6.2,65.9,0.0,0.0,0.0,12.42,0,NORMAL
2026-09-05T19:30:50.454383+00:00,1788636650454,AWS-001,Coastal Marine AWS,30.45,72.7,24.98,1011.75,4.6,64.0,0.0,0.0,0.0,12.4,0,NORMAL
2026-09-05T19:31:50.454383+00:00,1788636710454,AWS-001,Coastal Marine AWS,30.16,72.7,24.7,1011.71,5.8,61.8,0.0,0.0,0.0,12.39,0,NORMAL
2026-09-05T19:32:50.454383+00:00,1788636770454,AWS-001,Coastal Marine AWS,30.02,73.0,24.64,1011.85,4.8,56.8,0.0,0.0,0.0,12.42,0,NORMAL
2026-09-05T19:33:50.454383+00:00,1788636830454,AWS-001,Coastal Marine AWS,29.94,72.7,24.49,1011.74,6.1,57.0,0.0,0.0,0.0,12.43,0,NORMAL
2026-09-05T19:34:50.454383+00:00,1788636890454,AWS-001,Coastal Marine AWS,29.93,72.9,24.53,1011.77,3.9,49.8,0.0,0.0,0.0,12.42,0,NORMAL
2026-09-05T19:35:50.454383+00:00,1788636950454,AWS-001,Coastal Marine AWS,29.97,72.7,24.52,1011.79,3.6,54.5,0.0,0.0,0.0,12.41,0,NORMAL
2026-09-05T19:36:50.454383+00:00,1788637010454,AWS-001,Coastal Marine AWS,30.02,72.5,24.52,1011.71,5.6,59.6,0.0,0.0,0.0,12.37,0,NORMAL
2026-09-05T19:37:50.454383+00:00,1788637070454,AWS-001,Coastal Marine AWS,30.01,72.7,24.56,1011.77,6.4,59.5,0.0,0.0,0.0,12.42,0,NORMAL
2026-09-05T19:38:50.454383+00:00,1788637130454,AWS-001,Coastal Marine AWS,29.64,73.6,24.41,1011.74,6.3,57.2,0.0,0.0,0.0,12.42,0,NORMAL
2026-09-05T19:39:50.454383+00:00,1788637190454,AWS-001,Coastal Marine AWS,30.13,72.7,24.67,1011.79,4.4,59.1,0.0,0.0,0.0,12.4,0,NORMAL
2026-09-05T19:40:50.454383+00:00,1788637250454,AWS-001,Coastal Marine AWS,29.88,72.8,24.46,1011.69,5.3,57.2,0.0,0.0,0.0,12.36,0,NORMAL
2026-09-05T19:41:50.454383+00:00,1788637310454,AWS-001,Coastal Marine AWS,30.08,73.4,24.79,1011.72,3.9,51.1,0.0,0.0,0.0,12.41,0,NORMAL
2026-09-05T19:42:50.454383+00:00,1788637370454,AWS-001,Coastal Marine AWS,29.94,72.8,24.51,1011.73,4.3,53.7,0.0,0.0,0.0,12.39,0,NORMAL
2026-09-05T19:43:50.454383+00:00,1788637430454,AWS-001,Coastal Marine AWS,29.49,74.0,24.35,1011.7,5.0,56.4,0.0,0.0,0.0,12.41,0,NORMAL
2026-09-05T19:44:50.454383+00:00,1788637490454,AWS-001,Coastal Marine AWS,29.71,73.5,24.45,1011.68,4.3,59.8,0.0,0.0,0.0,12.38,0,NORMAL
2026-09-05T19:45:50.454383+00:00,1788637550454,AWS-001,Coastal Marine AWS,29.81,73.4,24.53,1011.79,5.2,59.2,0.0,0.0,0.0,12.39,0,NORMAL
2026-09-05T19:46:50.454383+00:00,1788637610454,AWS-001,Coastal Marine AWS,29.7,74.7,24.71,1011.57,4.8,59.5,0.0,0.0,0.0,12.4,0,NORMAL
2026-09-05T19:47:50.454383+00:00,1788637670454,AWS-001,Coastal Marine AWS,29.47,73.8,24.29,1011.69,3.2,67.3,0.0,0.0,0.0,12.39,0,NORMAL
2026-09-05T19:48:50.454383+00:00,1788637730454,AWS-001,Coastal Marine AWS,29.54,74.9,24.6,1011.63,4.7,64.2,0.0,0.0,0.0,12.41,0,NORMAL
2026-09-05T19:49:50.454383+00:00,1788637790454,AWS-001,Coastal Marine AWS,29.61,73.8,24.42,1011.74,5.4,63.7,0.0,0.0,0.0,12.38,0,NORMAL
2026-09-05T19:50:50.454383+00:00,1788637850454,AWS-001,Coastal Marine AWS,29.77,73.8,24.58,1011.65,4.3,62.5,0.0,0.0,0.0,12.38,0,NORMAL
2026-09-05T19:51:50.454383+00:00,1788637910454,AWS-001,Coastal Marine AWS,29.76,73.6,24.52,1011.69,5.4,61.3,0.0,0.0,0.0,12.43,0,NORMAL
2026-09-05T19:52:50.454383+00:00,1788637970454,AWS-001,Coastal Marine AWS,29.56,74.1,24.44,1011.76,3.9,58.1,0.0,0.0,0.0,12.38,0,NORMAL
2026-09-05T19:53:50.454383+00:00,1788638030454,AWS-001,Coastal Marine AWS,29.59,74.4,24.54,1011.62,7.9,62.0,0.0,0.0,0.0,12.38,0,NORMAL
2026-09-05T19:54:50.454383+00:00,1788638090454,AWS-001,Coastal Marine AWS,29.33,74.4,24.29,1011.67,7.4,64.9,0.0,0.0,0.0,12.38,0,NORMAL
2026-09-05T19:55:50.454383+00:00,1788638150454,AWS-001,Coastal Marine AWS,29.37,74.8,24.42,1011.67,5.0,70.2,0.0,0.0,0.0,12.37,0,NORMAL
2026-09-05T19:56:50.454383+00:00,1788638210454,AWS-001,Coastal Marine AWS,29.68,75.3,24.83,1011.6,5.4,68.8,0.0,0.0,0.0,12.4,0,NORMAL
2026-09-05T19:57:50.454383+00:00,1788638270454,AWS-001,Coastal Marine AWS,29.1,75.2,24.25,1011.7,5.7,65.7,0.0,0.0,0.0,12.4,0,NORMAL
2026-09-05T19:58:50.454383+00:00,1788638330454,AWS-001,Coastal Marine AWS,29.64,75.5,24.83,1011.59,4.4,59.8,0.0,0.0,0.0,12.45,0,NORMAL
2026-09-05T19:59:50.454383+00:00,1788638390454,AWS-001,Coastal Marine AWS,29.17,75.3,24.34,1011.62,4.7,57.0,0.0,0.0,0.0,12.37,0,NORMAL
2026-09-05T20:00:50.454383+00:00,1788638450454,AWS-001,Coastal Marine AWS,29.02,74.7,24.06,1011.64,3.8,56.0,0.0,0.0,0.0,12.42,0,NORMAL
2026-09-05T20:01:50.454383+00:00,1788638510454,AWS-001,Coastal Marine AWS,29.34,75.4,24.52,1011.54,5.5,57.5,0.0,0.0,0.0,12.41,0,NORMAL
2026-09-05T20:02:50.454383+00:00,1788638570454,AWS-001,Coastal Marine AWS,29.23,76.1,24.57,1011.63,6.2,58.8,0.0,0.0,0.0,12.39,0,NORMAL
2026-09-05T20:03:50.454383+00:00,1788638630454,AWS-001,Coastal Marine AWS,29.0,75.1,24.13,1011.62,3.8,61.3,0.0,0.0,0.0,12.4,0,NORMAL
2026-09-05T20:04:50.454383+00:00,1788638690454,AWS-001,Coastal Marine AWS,29.22,76.3,24.61,1011.62,5.7,63.2,0.0,0.0,0.0,12.39,0,NORMAL
2026-09-05T20:05:50.454383+00:00,1788638750454,AWS-001,Coastal Marine AWS,29.18,75.6,24.41,1011.63,6.2,63.5,0.0,0.0,0.0,12.43,0,NORMAL
2026-09-05T20:06:50.454383+00:00,1788638810454,AWS-001,Coastal Marine AWS,28.98,75.5,24.2,1011.59,5.0,58.6,0.0,0.0,0.0,12.37,0,NORMAL
2026-09-05T20:07:50.454383+00:00,1788638870454,AWS-001,Coastal Marine AWS,29.01,76.2,24.38,1011.5,3.5,54.2,0.0,0.0,0.0,12.38,0,NORMAL
2026-09-05T20:08:50.454383+00:00,1788638930454,AWS-001,Coastal Marine AWS,29.13,76.0,24.45,1011.56,6.0,52.0,0.0,0.0,0.0,12.4,0,NORMAL
2026-09-05T20:09:50.454383+00:00,1788638990454,AWS-001,Coastal Marine AWS,29.03,76.0,24.36,1011.46,7.1,53.1,0.0,0.0,0.0,12.38,0,NORMAL
2026-09-05T20:10:50.454383+00:00,1788639050454,AWS-001,Coastal Marine AWS,28.87,76.1,24.22,1011.54,4.7,58.2,0.0,0.0,0.0,12.38,0,NORMAL
2026-09-05T20:11:50.454383+00:00,1788639110454,AWS-001,Coastal Marine AWS,29.11,75.9,24.41,1011.56,4.4,52.4,0.0,0.0,0.0,12.41,0,NORMAL
2026-09-05T20:12:50.454383+00:00,1788639170454,AWS-001,Coastal Marine AWS,29.09,76.0,24.41,1011.6,4.1,49.9,0.0,0.0,0.0,12.37,0,NORMAL
2026-09-05T20:13:50.454383+00:00,1788639230454,AWS-001,Coastal Marine AWS,28.83,76.4,24.25,1011.57,4.3,48.1,0.0,0.0,0.0,12.41,0,NORMAL
2026-09-05T20:14:50.454383+00:00,1788639290454,AWS-001,Coastal Marine AWS,28.91,75.9,24.22,1011.56,5.4,45.1,0.0,0.0,0.0,12.37,0,NORMAL
2026-09-05T20:15:50.454383+00:00,1788639350454,AWS-001,Coastal Marine AWS,28.85,77.0,24.4,1011.57,3.7,49.0,0.0,0.0,0.0,12.39,0,NORMAL
2026-09-05T20:16:50.454383+00:00,1788639410454,AWS-001,Coastal Marine AWS,28.9,77.0,24.45,1011.49,5.0,51.0,0.0,0.0,0.0,12.38,0,NORMAL
2026-09-05T20:17:50.454383+00:00,1788639470454,AWS-001,Coastal Marine AWS,29.1,77.6,24.77,1011.52,4.2,48.8,0.0,0.0,0.0,12.4,0,NORMAL
2026-09-05T20:18:50.454383+00:00,1788639530454,AWS-001,Coastal Marine AWS,28.65,76.8,24.17,1011.58,5.3,46.5,0.0,0.0,0.0,12.39,0,NORMAL
2026-09-05T20:19:50.454383+00:00,1788639590454,AWS-001,Coastal Marine AWS,28.88,77.1,24.45,1011.48,4.9,45.0,0.0,0.0,0.0,12.4,0,NORMAL
2026-09-05T20:20:50.454383+00:00,1788639650454,AWS-001,Coastal Marine AWS,28.73,77.3,24.35,1011.49,4.0,42.1,0.0,0.0,0.0,12.36,0,NORMAL
2026-09-05T20:21:50.454383+00:00,1788639710454,AWS-001,Coastal Marine AWS,28.66,77.0,24.22,1011.41,5.4,45.0,0.0,0.0,0.0,12.4,0,NORMAL
2026-09-05T20:22:50.454383+00:00,1788639770454,AWS-001,Coastal Marine AWS,28.68,77.3,24.3,1011.4,5.0,52.5,0.0,0.0,0.0,12.39,0,NORMAL
2026-09-05T20:23:50.454383+00:00,1788639830454,AWS-001,Coastal Marine AWS,28.92,76.5,24.36,1011.51,4.0,54.2,0.0,0.0,0.0,12.42,0,NORMAL
2026-09-05T20:24:50.454383+00:00,1788639890454,AWS-001,Coastal Marine AWS,28.39,77.3,24.02,1011.43,6.5,57.1,0.0,0.0,0.0,12.4,0,NORMAL
2026-09-05T20:25:50.454383+00:00,1788639950454,AWS-001,Coastal Marine AWS,28.73,77.6,24.42,1011.48,6.4,63.3,0.0,0.0,0.0,12.4,0,NORMAL
2026-09-05T20:26:50.454383+00:00,1788640010454,AWS-001,Coastal Marine AWS,28.78,78.2,24.59,1011.5,4.5,58.6,0.0,0.0,0.0,12.4,0,NORMAL
2026-09-05T20:27:50.454383+00:00,1788640070454,AWS-001,Coastal Marine AWS,28.73,77.8,24.46,1011.46,4.4,52.1,0.0,0.0,0.0,12.41,0,NORMAL
2026-09-05T20:28:50.454383+00:00,1788640130454,AWS-001,Coastal Marine AWS,28.64,77.2,24.24,1011.38,5.4,53.9,0.0,0.0,0.0,12.43,0,NORMAL
2026-09-05T20:29:50.454383+00:00,1788640190454,AWS-001,Coastal Marine AWS,28.66,78.0,24.43,1011.36,6.5,51.8,0.0,0.0,0.0,12.42,0,NORMAL
2026-09-05T20:30:50.454383+00:00,1788640250454,AWS-001,Coastal Marine AWS,28.65,78.7,24.57,1011.39,4.8,51.6,0.0,0.0,0.0,12.41,0,NORMAL
2026-09-05T20:31:50.454383+00:00,1788640310454,AWS-001,Coastal Marine AWS,28.42,78.2,24.24,1011.46,4.9,50.4,0.0,0.0,0.0,12.38,0,NORMAL
2026-09-05T20:32:50.454383+00:00,1788640370454,AWS-001,Coastal Marine AWS,28.35,78.9,24.33,1011.49,3.9,45.8,0.0,0.0,0.0,12.37,0,NORMAL
2026-09-05T20:33:50.454383+00:00,1788640430454,AWS-001,Coastal Marine AWS,28.54,78.5,24.42,1011.51,3.7,43.2,0.0,0.0,0.0,12.4,0,NORMAL
2026-09-05T20:34:50.454383+00:00,1788640490454,AWS-001,Coastal Marine AWS,28.01,77.9,23.78,1011.41,4.6,41.2,0.0,0.0,0.0,12.39,0,NORMAL
2026-09-05T20:35:50.454383+00:00,1788640550454,AWS-001,Coastal Marine AWS,28.35,78.3,24.2,1011.46,5.1,40.0,0.0,0.0,0.0,12.41,0,NORMAL
2026-09-05T20:36:50.454383+00:00,1788640610454,AWS-001,Coastal Marine AWS,28.13,78.8,24.09,1011.45,5.1,42.2,0.0,0.0,0.0,12.42,0,NORMAL
2026-09-05T20:37:50.454383+00:00,1788640670454,AWS-001,Coastal Marine AWS,28.09,78.4,23.97,1011.43,3.6,45.5,0.0,0.0,0.0,12.38,0,NORMAL
2026-09-05T20:38:50.454383+00:00,1788640730454,AWS-001,Coastal Marine AWS,28.34,78.7,24.27,1011.44,4.2,47.2,0.0,0.0,0.0,12.42,0,NORMAL
2026-09-05T20:39:50.454383+00:00,1788640790454,AWS-001,Coastal Marine AWS,28.29,79.5,24.39,1011.52,5.4,51.7,0.0,0.0,0.0,12.36,0,NORMAL
2026-09-05T20:40:50.454383+00:00,1788640850454,AWS-001,Coastal Marine AWS,28.16,78.8,24.12,1011.43,3.1,52.4,0.0,0.0,0.0,12.43,0,NORMAL
2026-09-05T20:41:50.454383+00:00,1788640910454,AWS-001,Coastal Marine AWS,28.09,79.3,24.16,1011.5,4.9,55.6,0.0,0.0,0.0,12.37,0,NORMAL
2026-09-05T20:42:50.454383+00:00,1788640970454,AWS-001,Coastal Marine AWS,27.91,79.4,24.0,1011.46,4.5,53.6,0.0,0.0,0.0,12.37,0,NORMAL
2026-09-05T20:43:50.454383+00:00,1788641030454,AWS-001,Coastal Marine AWS,28.18,79.7,24.33,1011.48,6.8,52.0,0.0,0.0,0.0,12.38,0,NORMAL
2026-09-05T20:44:50.454383+00:00,1788641090454,AWS-001,Coastal Marine AWS,27.95,78.9,23.94,1011.4,4.4,52.1,0.0,0.0,0.0,12.38,0,NORMAL
2026-09-05T20:45:50.454383+00:00,1788641150454,AWS-001,Coastal Marine AWS,27.99,79.8,24.17,1011.48,5.5,50.6,0.0,0.0,0.0,12.39,0,NORMAL
2026-09-05T20:46:50.454383+00:00,1788641210454,AWS-001,Coastal Marine AWS,27.81,79.6,23.95,1011.41,5.5,46.7,0.0,0.0,0.0,12.41,0,NORMAL
2026-09-05T20:47:50.454383+00:00,1788641270454,AWS-001,Coastal Marine AWS,27.98,79.6,24.11,1011.45,5.2,52.1,0.0,0.0,0.0,12.38,0,NORMAL
2026-09-05T20:48:50.454383+00:00,1788641330454,AWS-001,Coastal Marine AWS,28.05,79.8,24.22,1011.4,3.6,49.9,0.0,0.0,0.0,12.38,0,NORMAL
2026-09-05T20:49:50.454383+00:00,1788641390454,AWS-001,Coastal Marine AWS,28.0,79.6,24.13,1011.41,6.1,46.7,0.0,0.0,0.0,12.37,0,NORMAL
2026-09-05T20:50:50.454383+00:00,1788641450454,AWS-001,Coastal Marine AWS,27.82,81.1,24.27,1011.4,4.3,46.9,0.0,0.0,0.0,12.4,0,NORMAL
2026-09-05T20:51:50.454383+00:00,1788641510454,AWS-001,Coastal Marine AWS,27.75,79.7,23.91,1011.43,3.7,46.4,0.0,0.0,0.0,12.41,0,NORMAL
2026-09-05T20:52:50.454383+00:00,1788641570454,AWS-001,Coastal Marine AWS,27.91,80.1,24.15,1011.35,3.8,47.2,0.0,0.0,0.0,12.41,0,NORMAL
2026-09-05T20:53:50.454383+00:00,1788641630454,AWS-001,Coastal Marine AWS,27.86,80.8,24.25,1011.4,4.6,45.0,0.0,0.0,0.0,12.42,0,NORMAL
2026-09-05T20:54:50.454383+00:00,1788641690454,AWS-001,Coastal Marine AWS,27.66,80.0,23.89,1011.37,6.2,43.4,0.0,0.0,0.0,12.42,0,NORMAL
2026-09-05T20:55:50.454383+00:00,1788641750454,AWS-001,Coastal Marine AWS,27.86,99.8,32.36,1011.39,5.4,47.3,0.0,0.0,0.0,12.4,1,INCONSISTENCY
2026-09-05T20:56:50.454383+00:00,1788641810454,AWS-001,Coastal Marine AWS,27.7,99.8,32.2,1011.36,4.1,49.3,0.0,0.0,0.0,12.4,1,INCONSISTENCY
2026-09-05T20:57:50.454383+00:00,1788641870454,AWS-001,Coastal Marine AWS,27.85,99.8,32.35,1011.31,4.6,47.5,0.0,0.0,0.0,12.4,1,INCONSISTENCY
2026-09-05T20:58:50.454383+00:00,1788641930454,AWS-001,Coastal Marine AWS,27.82,99.8,32.32,1011.39,4.1,46.6,0.0,0.0,0.0,12.4,1,INCONSISTENCY
2026-09-05T20:59:50.454383+00:00,1788641990454,AWS-001,Coastal Marine AWS,27.6,99.8,32.1,1011.36,3.3,49.5,0.0,0.0,0.0,12.39,1,INCONSISTENCY
2026-09-05T21:00:50.454383+00:00,1788642050454,AWS-001,Coastal Marine AWS,27.48,99.8,31.98,1011.42,4.8,53.3,0.0,0.0,0.0,12.43,1,INCONSISTENCY
2026-09-05T21:01:50.454383+00:00,1788642110454,AWS-001,Coastal Marine AWS,27.74,99.8,32.24,1011.35,9.7,51.4,0.0,0.0,0.0,12.42,1,INCONSISTENCY
2026-09-05T21:02:50.454383+00:00,1788642170454,AWS-001,Coastal Marine AWS,27.76,99.8,32.26,1011.41,5.8,47.9,0.0,0.0,0.0,12.4,1,INCONSISTENCY
2026-09-05T21:03:50.454383+00:00,1788642230454,AWS-001,Coastal Marine AWS,27.6,99.8,32.1,1011.3,3.6,44.9,0.0,0.0,0.0,12.37,1,INCONSISTENCY
2026-09-05T21:04:50.454383+00:00,1788642290454,AWS-001,Coastal Marine AWS,27.02,99.8,31.52,1011.41,6.9,51.2,0.0,0.0,0.0,12.38,1,INCONSISTENCY
2026-09-05T21:05:50.454383+00:00,1788642350454,AWS-001,Coastal Marine AWS,27.41,99.8,31.91,1011.28,5.1,54.0,0.0,0.0,0.0,12.37,1,INCONSISTENCY
2026-09-05T21:06:50.454383+00:00,1788642410454,AWS-001,Coastal Marine AWS,27.46,99.8,31.96,1011.45,4.2,54.3,0.0,0.0,0.0,12.41,1,INCONSISTENCY
2026-09-05T21:07:50.454383+00:00,1788642470454,AWS-001,Coastal Marine AWS,27.8,99.8,32.3,1011.39,3.8,50.2,0.0,0.0,0.0,12.42,1,INCONSISTENCY
2026-09-05T21:08:50.454383+00:00,1788642530454,AWS-001,Coastal Marine AWS,27.65,99.8,32.15,1011.41,6.6,52.5,0.0,0.0,0.0,12.39,1,INCONSISTENCY
2026-09-05T21:09:50.454383+00:00,1788642590454,AWS-001,Coastal Marine AWS,27.38,99.8,31.88,1011.41,5.3,51.7,0.0,0.0,0.0,12.4,1,INCONSISTENCY
2026-09-05T21:10:50.454383+00:00,1788642650454,AWS-001,Coastal Marine AWS,27.34,82.9,24.17,1011.47,4.7,47.0,0.0,0.0,0.0,12.37,0,NORMAL
2026-09-05T21:11:50.454383+00:00,1788642710454,AWS-001,Coastal Marine AWS,27.46,81.7,24.04,1011.46,3.3,47.5,0.0,0.0,0.0,12.41,0,NORMAL
2026-09-05T21:12:50.454383+00:00,1788642770454,AWS-001,Coastal Marine AWS,27.39,82.6,24.16,1011.53,6.6,45.0,0.0,0.0,0.0,12.41,0,NORMAL
2026-09-05T21:13:50.454383+00:00,1788642830454,AWS-001,Coastal Marine AWS,27.32,82.5,24.07,1011.39,4.1,48.3,0.0,0.0,0.0,12.37,0,NORMAL
2026-09-05T21:14:50.454383+00:00,1788642890454,AWS-001,Coastal Marine AWS,27.32,81.7,23.91,1011.4,4.1,46.6,0.0,0.0,0.0,12.4,0,NORMAL
2026-09-05T21:15:50.454383+00:00,1788642950454,AWS-001,Coastal Marine AWS,27.34,82.4,24.07,1011.44,4.5,50.2,0.0,0.0,0.0,12.4,0,NORMAL
2026-09-05T21:16:50.454383+00:00,1788643010454,AWS-001,Coastal Marine AWS,27.24,84.2,24.33,1011.49,5.6,51.1,0.0,0.0,0.0,12.41,0,NORMAL
2026-09-05T21:17:50.454383+00:00,1788643070454,AWS-001,Coastal Marine AWS,27.28,81.8,23.89,1011.54,3.6,52.0,0.0,0.0,0.0,12.4,0,NORMAL
2026-09-05T21:18:50.454383+00:00,1788643130454,AWS-001,Coastal Marine AWS,27.25,83.3,24.16,1011.39,5.8,53.2,0.0,0.0,0.0,12.43,0,NORMAL
2026-09-05T21:19:50.454383+00:00,1788643190454,AWS-001,Coastal Marine AWS,26.98,82.9,23.82,1011.54,5.7,55.0,0.0,0.0,0.0,12.4,0,NORMAL
2026-09-05T21:20:50.454383+00:00,1788643250454,AWS-001,Coastal Marine AWS,26.79,83.0,23.65,1011.49,4.4,55.8,0.0,0.0,0.0,12.41,0,NORMAL
2026-09-05T21:21:50.454383+00:00,1788643310454,AWS-001,Coastal Marine AWS,26.94,83.7,23.94,1011.5,4.6,55.5,0.0,0.0,0.0,12.4,0,NORMAL
2026-09-05T21:22:50.454383+00:00,1788643370454,AWS-001,Coastal Marine AWS,27.0,83.5,23.96,1011.43,4.0,51.8,0.0,0.0,0.0,12.4,0,NORMAL
2026-09-05T21:23:50.454383+00:00,1788643430454,AWS-001,Coastal Marine AWS,26.79,82.5,23.55,1011.58,4.2,53.4,0.0,0.0,0.0,12.41,0,NORMAL
2026-09-05T21:24:50.454383+00:00,1788643490454,AWS-001,Coastal Marine AWS,26.88,83.2,23.78,1011.51,3.9,45.9,0.0,0.0,0.0,12.4,0,NORMAL
2026-09-05T21:25:50.454383+00:00,1788643550454,AWS-001,Coastal Marine AWS,26.91,83.4,23.85,1011.48,4.6,47.6,0.0,0.0,0.0,12.42,0,NORMAL
2026-09-05T21:26:50.454383+00:00,1788643610454,AWS-001,Coastal Marine AWS,26.91,83.1,23.79,1011.47,4.0,49.4,0.0,0.0,0.0,12.42,0,NORMAL
2026-09-05T21:27:50.454383+00:00,1788643670454,AWS-001,Coastal Marine AWS,26.72,84.4,23.86,1011.58,3.7,51.7,0.0,0.0,0.0,12.43,0,NORMAL
2026-09-05T21:28:50.454383+00:00,1788643730454,AWS-001,Coastal Marine AWS,26.86,84.5,24.02,1011.51,3.9,49.9,0.0,0.0,0.0,12.38,0,NORMAL
2026-09-05T21:29:50.454383+00:00,1788643790454,AWS-001,Coastal Marine AWS,26.66,83.5,23.63,1011.51,6.0,55.1,0.0,0.0,0.0,12.44,0,NORMAL
2026-09-05T21:30:50.454383+00:00,1788643850454,AWS-001,Coastal Marine AWS,26.81,83.4,23.75,1011.48,4.8,53.5,0.0,0.0,0.0,12.4,0,NORMAL
2026-09-05T21:31:50.454383+00:00,1788643910454,AWS-001,Coastal Marine AWS,26.8,83.9,23.84,1011.49,4.9,51.0,0.0,0.0,0.0,12.4,0,NORMAL
2026-09-05T21:32:50.454383+00:00,1788643970454,AWS-001,Coastal Marine AWS,26.92,83.1,23.8,1011.57,3.3,51.7,0.0,0.0,0.0,12.38,0,NORMAL
2026-09-05T21:33:50.454383+00:00,1788644030454,AWS-001,Coastal Marine AWS,26.71,84.1,23.79,1011.58,6.1,60.1,0.0,0.0,0.0,12.39,0,NORMAL
2026-09-05T21:34:50.454383+00:00,1788644090454,AWS-001,Coastal Marine AWS,26.49,84.1,23.58,1011.6,4.0,57.8,0.0,0.0,0.0,12.39,0,NORMAL
2026-09-05T21:35:50.454383+00:00,1788644150454,AWS-001,Coastal Marine AWS,26.34,84.3,23.47,1011.51,5.8,61.8,0.0,0.0,0.0,12.44,0,NORMAL
2026-09-05T21:36:50.454383+00:00,1788644210454,AWS-001,Coastal Marine AWS,26.84,84.4,23.98,1011.5,3.9,61.7,0.0,0.0,0.0,12.36,0,NORMAL
2026-09-05T21:37:50.454383+00:00,1788644270454,AWS-001,Coastal Marine AWS,26.78,85.2,24.08,1011.6,6.1,56.8,0.0,0.0,0.0,12.4,0,NORMAL
2026-09-05T21:38:50.454383+00:00,1788644330454,AWS-001,Coastal Marine AWS,26.62,84.8,23.84,1011.52,4.3,64.2,0.0,0.0,0.0,12.36,0,NORMAL
2026-09-05T21:39:50.454383+00:00,1788644390454,AWS-001,Coastal Marine AWS,26.63,84.4,23.77,1011.54,4.7,63.7,0.0,0.0,0.0,12.43,0,NORMAL
2026-09-05T21:40:50.454383+00:00,1788644450454,AWS-001,Coastal Marine AWS,26.68,84.3,23.8,1011.61,6.3,64.4,0.0,0.0,0.0,12.46,0,NORMAL
2026-09-05T21:41:50.454383+00:00,1788644510454,AWS-001,Coastal Marine AWS,26.74,84.9,23.98,1011.58,4.9,63.3,0.0,0.0,0.0,12.4,0,NORMAL
2026-09-05T21:42:50.454383+00:00,1788644570454,AWS-001,Coastal Marine AWS,26.52,84.9,23.77,1011.52,5.6,65.4,0.0,0.0,0.0,12.42,0,NORMAL
2026-09-05T21:43:50.454383+00:00,1788644630454,AWS-001,Coastal Marine AWS,26.46,84.9,23.71,1011.49,6.5,61.8,0.0,0.0,0.0,12.35,0,NORMAL
2026-09-05T21:44:50.454383+00:00,1788644690454,AWS-001,Coastal Marine AWS,26.28,85.4,23.63,1011.61,5.5,64.9,0.0,0.0,0.0,12.38,0,NORMAL
2026-09-05T21:45:50.454383+00:00,1788644750454,AWS-001,Coastal Marine AWS,26.11,84.7,23.32,1011.65,3.4,66.4,0.0,0.0,0.0,12.36,0,NORMAL
2026-09-05T21:46:50.454383+00:00,1788644810454,AWS-001,Coastal Marine AWS,26.1,85.6,23.49,1011.46,5.1,67.7,0.0,0.0,0.0,12.37,0,NORMAL
2026-09-05T21:47:50.454383+00:00,1788644870454,AWS-001,Coastal Marine AWS,26.29,84.1,23.38,1011.59,6.3,66.1,0.0,0.0,0.0,12.42,0,NORMAL
2026-09-05T21:48:50.454383+00:00,1788644930454,AWS-001,Coastal Marine AWS,26.39,86.0,23.85,1011.59,5.4,66.2,0.0,0.0,0.0,12.4,0,NORMAL
2026-09-05T21:49:50.454383+00:00,1788644990454,AWS-001,Coastal Marine AWS,26.31,85.3,23.64,1011.63,7.2,66.6,0.0,0.0,0.0,12.4,0,NORMAL
2026-09-05T21:50:50.454383+00:00,1788645050454,AWS-001,Coastal Marine AWS,26.42,85.7,23.82,1011.61,5.4,69.2,0.0,0.0,0.0,12.39,0,NORMAL
2026-09-05T21:51:50.454383+00:00,1788645110454,AWS-001,Coastal Marine AWS,26.44,85.5,23.8,1011.59,4.0,69.6,0.0,0.0,0.0,12.42,0,NORMAL
2026-09-05T21:52:50.454383+00:00,1788645170454,AWS-001,Coastal Marine AWS,26.35,85.8,23.77,1011.55,4.2,66.8,0.0,0.0,0.0,12.4,0,NORMAL
2026-09-05T21:53:50.454383+00:00,1788645230454,AWS-001,Coastal Marine AWS,25.82,86.0,23.29,1011.55,4.5,73.1,0.0,0.0,0.0,12.39,0,NORMAL
2026-09-05T21:54:50.454383+00:00,1788645290454,AWS-001,Coastal Marine AWS,26.2,85.9,23.65,1011.5,3.6,73.8,0.0,0.0,0.0,12.41,0,NORMAL
2026-09-05T21:55:50.454383+00:00,1788645350454,AWS-001,Coastal Marine AWS,26.25,85.7,23.66,1011.65,4.7,73.8,0.0,0.0,0.0,12.4,0,NORMAL
2026-09-05T21:56:50.454383+00:00,1788645410454,AWS-001,Coastal Marine AWS,26.2,85.9,23.65,1011.54,5.7,76.8,0.0,0.0,0.0,12.38,0,NORMAL
2026-09-05T21:57:50.454383+00:00,1788645470454,AWS-001,Coastal Marine AWS,26.1,86.0,23.57,1011.56,4.8,76.4,0.0,0.0,0.0,12.38,0,NORMAL
2026-09-05T21:58:50.454383+00:00,1788645530454,AWS-001,Coastal Marine AWS,26.02,86.8,23.64,1011.62,3.1,79.7,0.0,0.0,0.0,12.43,0,NORMAL
2026-09-05T21:59:50.454383+00:00,1788645590454,AWS-001,Coastal Marine AWS,26.14,86.6,23.72,1011.58,6.3,82.0,0.0,0.0,0.0,12.38,0,NORMAL
2026-09-05T22:00:50.454383+00:00,1788645650454,AWS-001,Coastal Marine AWS,25.72,86.3,23.25,1011.61,4.5,78.6,0.0,0.0,0.0,12.42,0,NORMAL
2026-09-05T22:01:50.454383+00:00,1788645710454,AWS-001,Coastal Marine AWS,25.99,87.0,23.65,1011.64,5.4,77.7,0.0,0.0,0.0,12.36,0,NORMAL
2026-09-05T22:02:50.454383+00:00,1788645770454,AWS-001,Coastal Marine AWS,26.02,87.0,23.68,1011.66,4.0,82.7,0.0,0.0,0.0,12.4,0,NORMAL
2026-09-05T22:03:50.454383+00:00,1788645830454,AWS-001,Coastal Marine AWS,25.78,87.1,23.46,1011.57,5.7,82.4,0.0,0.0,0.0,12.43,0,NORMAL
2026-09-05T22:04:50.454383+00:00,1788645890454,AWS-001,Coastal Marine AWS,25.69,87.3,23.41,1011.7,6.1,83.0,0.0,0.0,0.0,12.38,0,NORMAL
2026-09-05T22:05:50.454383+00:00,1788645950454,AWS-001,Coastal Marine AWS,25.71,86.5,23.28,1011.61,5.5,77.2,0.0,0.0,0.0,12.4,0,NORMAL
2026-09-05T22:06:50.454383+00:00,1788646010454,AWS-001,Coastal Marine AWS,25.6,87.1,23.29,1011.66,4.8,76.8,0.0,0.0,0.0,12.38,0,NORMAL
2026-09-05T22:07:50.454383+00:00,1788646070454,AWS-001,Coastal Marine AWS,25.6,87.3,23.33,1011.72,3.2,78.1,0.0,0.0,0.0,12.4,0,NORMAL
2026-09-05T22:08:50.454383+00:00,1788646130454,AWS-001,Coastal Marine AWS,25.69,86.8,23.32,1011.69,6.0,78.5,0.0,0.0,0.0,12.4,0,NORMAL
2026-09-05T22:09:50.454383+00:00,1788646190454,AWS-001,Coastal Marine AWS,25.61,87.6,23.39,1011.65,6.5,80.4,0.0,0.0,0.0,12.43,0,NORMAL
2026-09-05T22:10:50.454383+00:00,1788646250454,AWS-001,Coastal Marine AWS,25.78,87.6,23.56,1011.73,5.0,82.4,0.0,0.0,0.0,12.38,0,NORMAL
2026-09-05T22:11:50.454383+00:00,1788646310454,AWS-001,Coastal Marine AWS,25.59,86.6,23.18,1011.67,4.1,75.8,0.0,0.0,0.0,12.39,0,NORMAL
2026-09-05T22:12:50.454383+00:00,1788646370454,AWS-001,Coastal Marine AWS,25.57,87.6,23.35,1011.76,3.8,73.9,0.0,0.0,0.0,12.38,0,NORMAL
2026-09-05T22:13:50.454383+00:00,1788646430454,AWS-001,Coastal Marine AWS,25.78,88.0,23.64,1011.77,4.3,71.2,0.0,0.0,0.0,12.42,0,NORMAL
2026-09-05T22:14:50.454383+00:00,1788646490454,AWS-001,Coastal Marine AWS,25.53,87.2,23.24,1011.79,4.5,68.2,0.0,0.0,0.0,12.42,0,NORMAL
2026-09-05T22:15:50.454383+00:00,1788646550454,AWS-001,Coastal Marine AWS,25.48,88.0,23.34,1011.76,5.1,70.2,0.0,0.0,0.0,12.39,0,NORMAL
2026-09-05T22:16:50.454383+00:00,1788646610454,AWS-001,Coastal Marine AWS,25.62,88.2,23.52,1011.78,3.9,67.9,0.0,0.0,0.0,12.39,0,NORMAL
2026-09-05T22:17:50.454383+00:00,1788646670454,AWS-001,Coastal Marine AWS,25.54,87.8,23.36,1011.9,3.9,73.2,0.0,0.0,0.0,12.35,0,NORMAL
2026-09-05T22:18:50.454383+00:00,1788646730454,AWS-001,Coastal Marine AWS,25.27,88.3,23.19,1011.86,4.7,70.9,0.0,0.0,0.0,12.38,0,NORMAL
2026-09-05T22:19:50.454383+00:00,1788646790454,AWS-001,Coastal Marine AWS,25.37,87.9,23.21,1011.8,6.9,70.9,0.0,0.0,0.0,12.39,0,NORMAL
2026-09-05T22:20:50.454383+00:00,1788646850454,AWS-001,Coastal Marine AWS,25.21,88.4,23.15,1011.83,3.9,70.1,0.0,0.0,0.0,12.35,0,NORMAL
2026-09-05T22:21:50.454383+00:00,1788646910454,AWS-001,Coastal Marine AWS,25.34,88.0,23.2,1011.88,4.0,74.1,0.0,0.0,0.0,12.41,0,NORMAL
2026-09-05T22:22:50.454383+00:00,1788646970454,AWS-001,Coastal Marine AWS,25.34,88.2,23.24,1011.85,5.5,77.3,0.0,0.0,0.0,12.4,0,NORMAL
2026-09-05T22:23:50.454383+00:00,1788647030454,AWS-001,Coastal Marine AWS,25.43,88.4,23.37,1011.84,5.4,74.9,0.0,0.0,0.0,12.42,0,NORMAL
2026-09-05T22:24:50.454383+00:00,1788647090454,AWS-001,Coastal Marine AWS,25.51,88.4,23.45,1011.92,4.8,78.4,0.0,0.0,0.0,12.39,0,NORMAL
2026-09-05T22:25:50.454383+00:00,1788647150454,AWS-001,Coastal Marine AWS,25.37,88.0,23.23,1011.78,3.9,81.5,0.0,0.0,0.0,12.4,0,NORMAL
2026-09-05T22:26:50.454383+00:00,1788647210454,AWS-001,Coastal Marine AWS,25.36,88.1,23.24,1011.84,4.0,75.8,0.0,0.0,0.0,12.39,0,NORMAL
2026-09-05T22:27:50.454383+00:00,1788647270454,AWS-001,Coastal Marine AWS,25.29,88.9,23.32,1011.86,3.9,83.2,0.0,0.0,0.0,12.41,0,NORMAL
2026-09-05T22:28:50.454383+00:00,1788647330454,AWS-001,Coastal Marine AWS,25.35,88.5,23.31,1011.88,4.0,79.9,0.0,0.0,0.0,12.41,0,NORMAL
2026-09-05T22:29:50.454383+00:00,1788647390454,AWS-001,Coastal Marine AWS,25.22,89.2,23.31,1011.89,4.0,83.0,0.0,0.0,0.0,12.37,0,NORMAL
2026-09-05T22:30:50.454383+00:00,1788647450454,AWS-001,Coastal Marine AWS,25.23,89.7,23.41,1011.88,4.9,87.0,0.0,0.0,0.0,12.37,0,NORMAL
2026-09-05T22:31:50.454383+00:00,1788647510454,AWS-001,Coastal Marine AWS,25.1,89.6,23.27,1011.91,5.7,87.9,0.0,0.0,0.0,12.43,0,NORMAL
2026-09-05T22:32:50.454383+00:00,1788647570454,AWS-001,Coastal Marine AWS,25.31,89.3,23.42,1011.94,4.7,86.1,0.0,0.0,0.0,12.42,0,NORMAL
2026-09-05T22:33:50.454383+00:00,1788647630454,AWS-001,Coastal Marine AWS,25.28,88.6,23.26,1011.96,3.7,81.2,0.0,0.0,0.0,12.42,0,NORMAL
2026-09-05T22:34:50.454383+00:00,1788647690454,AWS-001,Coastal Marine AWS,25.2,89.2,23.29,1011.93,6.7,79.3,0.0,0.0,0.0,12.44,0,NORMAL
2026-09-05T22:35:50.454383+00:00,1788647750454,AWS-001,Coastal Marine AWS,25.11,89.2,23.2,1011.9,5.1,77.3,0.0,0.0,0.0,12.39,0,NORMAL
2026-09-05T22:36:50.454383+00:00,1788647810454,AWS-001,Coastal Marine AWS,24.98,99.5,24.9,1011.92,5.0,76.0,0.0,18.77,0.32,12.4,0,NORMAL
2026-09-05T22:37:50.454383+00:00,1788647870454,AWS-001,Coastal Marine AWS,24.99,99.5,24.91,1012.1,5.6,71.4,0.0,18.88,0.64,12.42,0,NORMAL
2026-09-05T22:38:50.454383+00:00,1788647930454,AWS-001,Coastal Marine AWS,25.01,99.5,24.93,1011.94,5.7,66.3,0.0,18.9,0.96,12.4,0,NORMAL
2026-09-05T22:39:50.454383+00:00,1788647990454,AWS-001,Coastal Marine AWS,24.95,99.5,24.87,1012.07,7.0,71.9,0.0,19.09,1.27,12.45,0,NORMAL
2026-09-05T22:40:50.454383+00:00,1788648050454,AWS-001,Coastal Marine AWS,25.12,99.5,25.04,1011.92,4.7,76.4,0.0,19.2,1.59,12.4,0,NORMAL
2026-09-05T22:41:50.454383+00:00,1788648110454,AWS-001,Coastal Marine AWS,24.86,99.5,24.78,1012.01,4.4,76.4,0.0,18.54,1.91,12.39,0,NORMAL
2026-09-05T22:42:50.454383+00:00,1788648170454,AWS-001,Coastal Marine AWS,24.88,99.5,24.8,1012.06,5.5,80.0,0.0,19.1,2.23,12.41,0,NORMAL
2026-09-05T22:43:50.454383+00:00,1788648230454,AWS-001,Coastal Marine AWS,24.73,99.5,24.65,1012.04,4.9,79.1,0.0,18.74,2.55,12.41,0,NORMAL
2026-09-05T22:44:50.454383+00:00,1788648290454,AWS-001,Coastal Marine AWS,25.1,99.5,25.02,1012.06,4.2,82.8,0.0,18.62,2.87,12.42,0,NORMAL
2026-09-05T22:45:50.454383+00:00,1788648350454,AWS-001,Coastal Marine AWS,25.0,99.5,24.92,1012.11,5.4,84.5,0.0,19.07,3.19,12.41,0,NORMAL
2026-09-05T22:46:50.454383+00:00,1788648410454,AWS-001,Coastal Marine AWS,24.87,99.5,24.79,1012.04,4.8,85.0,0.0,18.66,3.5,12.39,0,NORMAL
2026-09-05T22:47:50.454383+00:00,1788648470454,AWS-001,Coastal Marine AWS,24.86,99.5,24.78,1012.17,3.9,86.9,0.0,19.11,3.82,12.38,0,NORMAL
2026-09-05T22:48:50.454383+00:00,1788648530454,AWS-001,Coastal Marine AWS,24.86,99.5,24.78,1012.13,6.5,88.0,0.0,19.94,4.14,12.43,0,NORMAL
2026-09-05T22:49:50.454383+00:00,1788648590454,AWS-001,Coastal Marine AWS,24.66,99.5,24.58,1012.11,5.6,94.4,0.0,18.6,4.46,12.41,0,NORMAL
2026-09-05T22:50:50.454383+00:00,1788648650454,AWS-001,Coastal Marine AWS,24.75,99.5,24.67,1012.13,5.6,93.2,0.0,19.93,4.78,12.38,0,NORMAL
2026-09-05T22:51:50.454383+00:00,1788648710454,AWS-001,Coastal Marine AWS,25.03,99.5,24.95,1012.09,4.5,89.3,0.0,19.88,5.1,12.42,0,NORMAL
2026-09-05T22:52:50.454383+00:00,1788648770454,AWS-001,Coastal Marine AWS,24.45,99.5,24.37,1012.18,5.2,88.7,0.0,19.47,5.41,12.39,0,NORMAL
2026-09-05T22:53:50.454383+00:00,1788648830454,AWS-001,Coastal Marine AWS,24.56,99.5,24.48,1012.16,4.0,90.9,0.0,18.21,5.73,12.4,0,NORMAL
2026-09-05T22:54:50.454383+00:00,1788648890454,AWS-001,Coastal Marine AWS,24.72,99.5,24.64,1012.11,3.9,94.7,0.0,19.96,6.05,12.42,0,NORMAL
2026-09-05T22:55:50.454383+00:00,1788648950454,AWS-001,Coastal Marine AWS,24.69,99.5,24.61,1012.21,4.2,94.3,0.0,19.14,6.37,12.41,0,NORMAL
2026-09-05T22:56:50.454383+00:00,1788649010454,AWS-001,Coastal Marine AWS,24.42,99.5,24.34,1012.22,4.5,98.6,0.0,18.36,6.69,12.42,0,NORMAL
2026-09-05T22:57:50.454383+00:00,1788649070454,AWS-001,Coastal Marine AWS,24.65,99.5,24.57,1012.15,4.8,95.5,0.0,18.57,7.01,12.43,0,NORMAL
2026-09-05T22:58:50.454383+00:00,1788649130454,AWS-001,Coastal Marine AWS,24.52,99.5,24.44,1012.07,5.0,89.6,0.0,19.44,7.33,12.37,0,NORMAL
2026-09-05T22:59:50.454383+00:00,1788649190454,AWS-001,Coastal Marine AWS,24.49,99.5,24.41,1012.29,4.3,98.6,0.0,19.82,7.64,12.42,0,NORMAL
2026-09-05T23:00:50.454383+00:00,1788649250454,AWS-001,Coastal Marine AWS,24.81,99.5,24.73,1012.11,7.4,102.8,0.0,18.7,7.96,12.41,0,NORMAL
2026-09-05T23:01:50.454383+00:00,1788649310454,AWS-001,Coastal Marine AWS,24.45,99.5,24.37,1012.21,4.8,104.3,0.0,19.36,8.28,12.42,0,NORMAL
2026-09-05T23:02:50.454383+00:00,1788649370454,AWS-001,Coastal Marine AWS,24.64,99.5,24.56,1012.19,4.8,100.5,0.0,19.13,8.6,12.4,0,NORMAL
2026-09-05T23:03:50.454383+00:00,1788649430454,AWS-001,Coastal Marine AWS,24.08,99.5,24.0,1012.3,4.1,105.2,0.0,18.55,8.92,12.4,0,NORMAL
2026-09-05T23:04:50.454383+00:00,1788649490454,AWS-001,Coastal Marine AWS,24.33,99.5,24.25,1012.31,5.1,104.6,0.0,19.57,9.24,12.42,0,NORMAL
2026-09-05T23:05:50.454383+00:00,1788649550454,AWS-001,Coastal Marine AWS,24.2,99.5,24.12,1012.33,5.8,105.2,0.0,19.21,9.56,12.39,0,NORMAL
2026-09-05T23:06:50.454383+00:00,1788649610454,AWS-001,Coastal Marine AWS,24.42,99.5,24.34,1012.29,6.3,98.6,0.0,18.85,9.87,12.38,0,NORMAL
2026-09-05T23:07:50.454383+00:00,1788649670454,AWS-001,Coastal Marine AWS,24.77,99.5,24.69,1012.29,5.5,87.1,0.0,19.26,10.19,12.41,0,NORMAL
2026-09-05T23:08:50.454383+00:00,1788649730454,AWS-001,Coastal Marine AWS,24.37,99.5,24.29,1012.33,7.4,96.8,0.0,19.86,10.51,12.39,0,NORMAL
2026-09-05T23:09:50.454383+00:00,1788649790454,AWS-001,Coastal Marine AWS,24.01,99.5,23.93,1012.34,6.3,92.7,0.0,18.61,10.83,12.38,0,NORMAL
2026-09-05T23:10:50.454383+00:00,1788649850454,AWS-001,Coastal Marine AWS,24.29,99.5,24.21,1012.42,4.8,86.2,0.0,19.55,11.15,12.45,0,NORMAL
2026-09-05T23:11:50.454383+00:00,1788649910454,AWS-001,Coastal Marine AWS,24.19,99.5,24.11,1012.37,6.1,91.5,0.0,17.76,11.47,12.38,0,NORMAL
2026-09-05T23:12:50.454383+00:00,1788649970454,AWS-001,Coastal Marine AWS,24.35,99.5,24.27,1012.29,4.4,98.8,0.0,18.77,11.79,12.38,0,NORMAL
2026-09-05T23:13:50.454383+00:00,1788650030454,AWS-001,Coastal Marine AWS,24.64,99.5,24.56,1012.3,5.0,104.4,0.0,19.35,12.1,12.41,0,NORMAL
2026-09-05T23:14:50.454383+00:00,1788650090454,AWS-001,Coastal Marine AWS,24.27,99.5,24.19,1012.4,4.1,105.4,0.0,19.48,12.42,12.4,0,NORMAL
2026-09-05T23:15:50.454383+00:00,1788650150454,AWS-001,Coastal Marine AWS,24.12,99.5,24.04,1012.32,4.3,102.7,0.0,19.78,12.74,12.39,0,NORMAL
2026-09-05T23:16:50.454383+00:00,1788650210454,AWS-001,Coastal Marine AWS,23.91,99.5,23.83,1012.47,4.8,100.6,0.0,19.29,13.06,12.41,0,NORMAL
2026-09-05T23:17:50.454383+00:00,1788650270454,AWS-001,Coastal Marine AWS,24.08,99.5,24.0,1012.46,4.5,100.3,0.0,19.64,13.38,12.42,0,NORMAL
2026-09-05T23:18:50.454383+00:00,1788650330454,AWS-001,Coastal Marine AWS,23.96,99.5,23.88,1012.4,6.4,93.5,0.0,19.19,13.7,12.4,0,NORMAL
2026-09-05T23:19:50.454383+00:00,1788650390454,AWS-001,Coastal Marine AWS,24.07,99.5,23.99,1012.54,4.9,96.1,0.0,19.89,14.02,12.41,0,NORMAL
2026-09-05T23:20:50.454383+00:00,1788650450454,AWS-001,Coastal Marine AWS,24.13,99.5,24.05,1012.41,4.8,90.1,0.0,19.24,14.33,12.37,0,NORMAL
2026-09-05T23:21:50.454383+00:00,1788650510454,AWS-001,Coastal Marine AWS,24.1,99.5,24.02,1012.42,5.5,91.1,0.0,18.05,14.65,12.4,0,NORMAL
2026-09-05T23:22:50.454383+00:00,1788650570454,AWS-001,Coastal Marine AWS,23.95,99.5,23.87,1012.29,4.5,90.7,0.0,18.96,14.97,12.39,0,NORMAL
2026-09-05T23:23:50.454383+00:00,1788650630454,AWS-001,Coastal Marine AWS,24.19,99.5,24.11,1012.38,3.8,91.4,0.0,19.05,15.29,12.36,0,NORMAL
2026-09-05T23:24:50.454383+00:00,1788650690454,AWS-001,Coastal Marine AWS,24.09,99.5,24.01,1012.42,4.3,91.5,0.0,20.35,15.61,12.39,0,NORMAL
2026-09-05T23:25:50.454383+00:00,1788650750454,AWS-001,Coastal Marine AWS,24.28,93.6,23.18,1012.45,4.3,95.7,0.0,0.0,15.61,12.37,0,NORMAL
2026-09-05T23:26:50.454383+00:00,1788650810454,AWS-001,Coastal Marine AWS,23.85,93.3,22.7,1012.48,6.3,92.1,0.0,0.0,15.61,12.4,0,NORMAL
2026-09-05T23:27:50.454383+00:00,1788650870454,AWS-001,Coastal Marine AWS,23.68,94.1,22.67,1012.45,4.8,94.8,0.0,0.0,15.61,12.42,0,NORMAL
2026-09-05T23:28:50.454383+00:00,1788650930454,AWS-001,Coastal Marine AWS,23.97,94.5,23.03,1012.48,6.2,94.1,0.0,0.0,15.61,12.39,0,NORMAL
2026-09-05T23:29:50.454383+00:00,1788650990454,AWS-001,Coastal Marine AWS,23.97,93.0,22.77,1012.51,4.8,89.4,0.0,0.0,15.61,12.41,0,NORMAL
2026-09-05T23:30:50.454383+00:00,1788651050454,AWS-001,Coastal Marine AWS,23.76,92.2,22.41,1012.48,4.1,86.1,0.0,0.0,15.61,12.42,0,NORMAL
2026-09-05T23:31:50.454383+00:00,1788651110454,AWS-001,Coastal Marine AWS,23.8,93.1,22.61,1012.47,6.0,86.1,0.0,0.0,15.61,12.42,0,NORMAL
2026-09-05T23:32:50.454383+00:00,1788651170454,AWS-001,Coastal Marine AWS,23.67,94.2,22.68,1012.45,5.0,85.7,0.0,0.0,15.61,12.39,0,NORMAL
2026-09-05T23:33:50.454383+00:00,1788651230454,AWS-001,Coastal Marine AWS,23.63,94.3,22.66,1012.56,4.4,83.9,0.0,0.0,15.61,12.4,0,NORMAL
2026-09-05T23:34:50.454383+00:00,1788651290454,AWS-001,Coastal Marine AWS,23.88,94.1,22.87,1012.48,6.5,82.9,0.0,0.0,15.61,12.41,0,NORMAL
2026-09-05T23:35:50.454383+00:00,1788651350454,AWS-001,Coastal Marine AWS,23.76,93.4,22.63,1012.54,7.8,83.5,0.0,0.0,15.61,12.4,0,NORMAL
2026-09-05T23:36:50.454383+00:00,1788651410454,AWS-001,Coastal Marine AWS,23.67,93.8,22.61,1012.53,4.4,76.0,0.0,0.0,15.61,12.4,0,NORMAL
2026-09-05T23:37:50.454383+00:00,1788651470454,AWS-001,Coastal Marine AWS,23.72,94.7,22.82,1012.61,6.5,74.6,0.0,0.0,15.61,12.36,0,NORMAL
2026-09-05T23:38:50.454383+00:00,1788651530454,AWS-001,Coastal Marine AWS,23.71,93.7,22.63,1012.67,5.6,69.8,0.0,0.0,15.61,12.42,0,NORMAL
2026-09-05T23:39:50.454383+00:00,1788651590454,AWS-001,Coastal Marine AWS,23.69,93.9,22.65,1012.62,4.3,73.3,0.0,0.0,15.61,12.39,0,NORMAL
2026-09-05T23:40:50.454383+00:00,1788651650454,AWS-001,Coastal Marine AWS,23.64,94.2,22.65,1012.67,6.1,75.5,0.0,0.0,15.61,12.4,0,NORMAL
2026-09-05T23:41:50.454383+00:00,1788651710454,AWS-001,Coastal Marine AWS,23.83,93.9,22.79,1012.59,4.5,77.0,0.0,0.0,15.61,12.39,0,NORMAL
2026-09-05T23:42:50.454383+00:00,1788651770454,AWS-001,Coastal Marine AWS,23.56,93.9,22.52,1012.65,4.2,84.1,0.0,0.0,15.61,12.38,0,NORMAL
2026-09-05T23:43:50.454383+00:00,1788651830454,AWS-001,Coastal Marine AWS,23.64,94.0,22.61,1012.71,5.4,84.4,0.0,0.0,15.61,12.39,0,NORMAL
2026-09-05T23:44:50.454383+00:00,1788651890454,AWS-001,Coastal Marine AWS,23.59,94.9,22.72,1012.74,5.1,88.1,0.0,0.0,15.61,12.43,0,NORMAL
2026-09-05T23:45:50.454383+00:00,1788651950454,AWS-001,Coastal Marine AWS,23.61,94.4,22.65,1012.72,6.0,90.9,0.0,0.0,15.61,12.4,0,NORMAL
2026-09-05T23:46:50.454383+00:00,1788652010454,AWS-001,Coastal Marine AWS,23.69,93.6,22.59,1012.72,3.1,90.9,0.0,0.0,15.61,12.38,0,NORMAL
2026-09-05T23:47:50.454383+00:00,1788652070454,AWS-001,Coastal Marine AWS,23.54,95.3,22.74,1012.74,3.8,86.3,0.0,0.0,15.61,12.4,0,NORMAL
2026-09-05T23:48:50.454383+00:00,1788652130454,AWS-001,Coastal Marine AWS,24.01,93.8,22.95,1012.77,3.3,84.2,0.0,0.0,15.61,12.4,0,NORMAL
2026-09-05T23:49:50.454383+00:00,1788652190454,AWS-001,Coastal Marine AWS,23.65,94.9,22.78,1012.77,4.0,81.8,0.0,0.0,15.61,12.37,0,NORMAL
2026-09-05T23:50:50.454383+00:00,1788652250454,AWS-001,Coastal Marine AWS,23.73,94.8,22.84,1012.72,5.6,82.6,0.0,0.0,15.61,12.41,0,NORMAL
2026-09-05T23:51:50.454383+00:00,1788652310454,AWS-001,Coastal Marine AWS,23.38,94.6,22.46,1012.81,5.8,76.9,0.0,0.0,15.61,12.43,0,NORMAL
2026-09-05T23:52:50.454383+00:00,1788652370454,AWS-001,Coastal Marine AWS,23.52,96.0,22.84,1012.82,5.8,77.4,0.0,0.0,15.61,12.4,0,NORMAL
2026-09-05T23:53:50.454383+00:00,1788652430454,AWS-001,Coastal Marine AWS,23.69,94.8,22.8,1012.79,4.6,75.8,0.0,0.0,15.61,12.4,0,NORMAL
2026-09-05T23:54:50.454383+00:00,1788652490454,AWS-001,Coastal Marine AWS,23.67,94.9,22.8,1012.86,5.9,71.7,0.0,0.0,15.61,12.4,0,NORMAL
2026-09-05T23:55:50.454383+00:00,1788652550454,AWS-001,Coastal Marine AWS,23.42,94.5,22.48,1012.85,4.2,70.1,0.0,0.0,15.61,12.39,0,NORMAL
2026-09-05T23:56:50.454383+00:00,1788652610454,AWS-001,Coastal Marine AWS,23.56,94.4,22.61,1012.9,5.5,65.7,0.0,0.0,15.61,12.4,0,NORMAL
2026-09-05T23:57:50.454383+00:00,1788652670454,AWS-001,Coastal Marine AWS,23.36,95.0,22.51,1012.85,5.5,70.1,0.0,0.0,15.61,12.39,0,NORMAL
2026-09-05T23:58:50.454383+00:00,1788652730454,AWS-001,Coastal Marine AWS,23.5,94.3,22.53,1012.73,6.1,68.6,0.0,0.0,15.61,12.41,0,NORMAL
2026-09-05T23:59:50.454383+00:00,1788652790454,AWS-001,Coastal Marine AWS,23.37,94.6,22.45,1012.91,3.3,69.3,0.0,0.0,15.61,12.4,0,NORMAL
2026-09-06T00:00:50.454383+00:00,1788652850454,AWS-001,Coastal Marine AWS,23.37,95.6,22.63,1012.87,5.5,63.6,0.0,0.0,15.61,12.39,0,NORMAL
2026-09-06T00:01:50.454383+00:00,1788652910454,AWS-001,Coastal Marine AWS,23.43,96.5,22.84,1012.88,4.3,64.4,0.0,0.0,15.61,12.4,0,NORMAL
2026-09-06T00:02:50.454383+00:00,1788652970454,AWS-001,Coastal Marine AWS,23.3,95.8,22.59,1012.97,6.3,65.9,0.0,0.0,15.61,12.41,0,NORMAL
2026-09-06T00:03:50.454383+00:00,1788653030454,AWS-001,Coastal Marine AWS,23.35,95.8,22.64,1012.98,3.8,69.5,0.0,0.0,15.61,12.38,0,NORMAL
2026-09-06T00:04:50.454383+00:00,1788653090454,AWS-001,Coastal Marine AWS,23.39,95.4,22.61,1012.97,5.0,62.2,0.0,0.0,15.61,12.36,0,NORMAL
2026-09-06T00:05:50.454383+00:00,1788653150454,AWS-001,Coastal Marine AWS,23.37,95.3,22.57,1012.96,5.5,59.9,0.0,0.0,15.61,12.4,0,NORMAL
2026-09-06T00:06:50.454383+00:00,1788653210454,AWS-001,Coastal Marine AWS,23.26,96.5,22.67,1012.99,5.1,56.6,0.0,0.0,15.61,12.38,0,NORMAL
2026-09-06T00:07:50.454383+00:00,1788653270454,AWS-001,Coastal Marine AWS,23.16,96.2,22.52,1012.99,5.1,58.5,0.0,0.0,15.61,12.39,0,NORMAL
2026-09-06T00:08:50.454383+00:00,1788653330454,AWS-001,Coastal Marine AWS,23.55,95.1,22.72,1013.0,4.3,52.1,0.0,0.0,15.61,12.39,0,NORMAL
2026-09-06T00:09:50.454383+00:00,1788653390454,AWS-001,Coastal Marine AWS,23.24,96.7,22.68,1012.96,5.1,51.9,0.0,0.0,15.61,12.42,0,NORMAL
2026-09-06T00:10:50.454383+00:00,1788653450454,AWS-001,Coastal Marine AWS,23.21,95.6,22.47,1013.03,6.5,52.9,0.0,0.0,15.61,12.44,0,NORMAL
2026-09-06T00:11:50.454383+00:00,1788653510454,AWS-001,Coastal Marine AWS,23.06,96.0,22.39,1013.05,5.7,55.0,0.0,0.0,15.61,12.43,0,NORMAL
2026-09-06T00:12:50.454383+00:00,1788653570454,AWS-001,Coastal Marine AWS,23.23,96.1,22.57,1013.05,4.5,58.4,0.0,0.0,15.61,12.39,0,NORMAL
2026-09-06T00:13:50.454383+00:00,1788653630454,AWS-001,Coastal Marine AWS,23.25,96.3,22.63,1013.06,5.0,56.8,0.0,0.0,15.61,12.43,0,NORMAL
2026-09-06T00:14:50.454383+00:00,1788653690454,AWS-001,Coastal Marine AWS,23.09,96.4,22.48,1013.07,4.5,58.5,0.0,0.0,15.61,12.38,0,NORMAL
2026-09-06T00:15:50.454383+00:00,1788653750454,AWS-001,Coastal Marine AWS,23.12,96.4,22.51,1013.04,5.2,54.1,0.0,0.0,15.61,12.4,1,DRIFT
2026-09-06T00:16:50.454383+00:00,1788653810454,AWS-001,Coastal Marine AWS,23.04,96.7,22.49,1012.92,4.0,54.1,0.0,0.0,15.61,12.4,1,DRIFT
2026-09-06T00:17:50.454383+00:00,1788653870454,AWS-001,Coastal Marine AWS,22.93,96.0,22.26,1012.72,4.2,51.8,0.0,0.0,15.61,12.38,1,DRIFT
2026-09-06T00:18:50.454383+00:00,1788653930454,AWS-001,Coastal Marine AWS,22.97,96.6,22.4,1012.62,4.1,46.1,0.0,0.0,15.61,12.38,1,DRIFT
2026-09-06T00:19:50.454383+00:00,1788653990454,AWS-001,Coastal Marine AWS,23.05,96.7,22.5,1012.37,4.8,45.1,0.0,0.0,15.61,12.35,1,DRIFT
2026-09-06T00:20:50.454383+00:00,1788654050454,AWS-001,Coastal Marine AWS,23.17,97.6,22.77,1012.32,4.1,50.6,0.0,0.0,15.61,12.38,1,DRIFT
2026-09-06T00:21:50.454383+00:00,1788654110454,AWS-001,Coastal Marine AWS,23.03,96.7,22.48,1012.09,4.4,53.7,0.0,0.0,15.61,12.38,1,DRIFT
2026-09-06T00:22:50.454383+00:00,1788654170454,AWS-001,Coastal Marine AWS,23.22,96.7,22.66,1012.03,3.6,55.4,0.0,0.0,15.61,12.36,1,DRIFT
2026-09-06T00:23:50.454383+00:00,1788654230454,AWS-001,Coastal Marine AWS,23.07,97.2,22.6,1011.87,3.5,54.7,0.0,0.0,15.61,12.38,1,DRIFT
2026-09-06T00:24:50.454383+00:00,1788654290454,AWS-001,Coastal Marine AWS,23.03,97.1,22.54,1011.65,5.0,54.1,0.0,0.0,15.61,12.41,1,DRIFT
2026-09-06T00:25:50.454383+00:00,1788654350454,AWS-001,Coastal Marine AWS,23.02,97.2,22.55,1011.52,6.7,53.8,0.0,0.0,15.61,12.38,1,DRIFT
2026-09-06T00:26:50.454383+00:00,1788654410454,AWS-001,Coastal Marine AWS,22.87,96.7,22.32,1011.4,4.3,58.7,0.0,0.0,15.61,12.39,1,DRIFT
2026-09-06T00:27:50.454383+00:00,1788654470454,AWS-001,Coastal Marine AWS,22.93,96.0,22.26,1011.18,4.5,58.9,0.0,0.0,15.61,12.45,1,DRIFT
2026-09-06T00:28:50.454383+00:00,1788654530454,AWS-001,Coastal Marine AWS,22.95,96.3,22.33,1011.13,6.0,61.4,0.0,0.0,15.61,12.45,1,DRIFT
2026-09-06T00:29:50.454383+00:00,1788654590454,AWS-001,Coastal Marine AWS,22.91,97.3,22.46,1011.02,4.7,64.3,0.0,0.0,15.61,12.4,1,DRIFT
2026-09-06T00:30:50.454383+00:00,1788654650454,AWS-001,Coastal Marine AWS,22.86,95.8,22.15,1010.95,4.2,62.4,0.0,0.0,15.61,12.38,1,DRIFT
2026-09-06T00:31:50.454383+00:00,1788654710454,AWS-001,Coastal Marine AWS,22.82,97.4,22.39,1010.69,5.6,59.7,0.0,0.0,15.61,12.43,1,DRIFT
2026-09-06T00:32:50.454383+00:00,1788654770454,AWS-001,Coastal Marine AWS,22.79,96.9,22.27,1010.46,5.0,57.4,0.0,0.0,15.61,12.41,1,DRIFT
2026-09-06T00:33:50.454383+00:00,1788654830454,AWS-001,Coastal Marine AWS,22.75,97.2,22.28,1010.49,5.6,52.5,0.0,0.0,15.61,12.36,1,DRIFT
2026-09-06T00:34:50.454383+00:00,1788654890454,AWS-001,Coastal Marine AWS,22.77,97.3,22.32,1010.25,5.2,58.3,0.0,0.0,15.61,12.39,1,DRIFT
2026-09-06T00:35:50.454383+00:00,1788654950454,AWS-001,Coastal Marine AWS,22.68,97.4,22.25,1010.21,4.4,60.7,0.0,0.0,15.61,12.37,1,DRIFT
2026-09-06T00:36:50.454383+00:00,1788655010454,AWS-001,Coastal Marine AWS,22.68,96.8,22.14,1010.05,6.3,60.7,0.0,0.0,15.61,12.41,1,DRIFT
2026-09-06T00:37:50.454383+00:00,1788655070454,AWS-001,Coastal Marine AWS,22.82,97.5,22.4,1009.94,4.1,56.1,0.0,0.0,15.61,12.39,1,DRIFT
2026-09-06T00:38:50.454383+00:00,1788655130454,AWS-001,Coastal Marine AWS,22.89,97.5,22.47,1009.73,3.4,56.0,0.0,0.0,15.61,12.38,1,DRIFT
2026-09-06T00:39:50.454383+00:00,1788655190454,AWS-001,Coastal Marine AWS,22.84,97.5,22.42,1009.7,5.1,54.6,0.0,0.0,15.61,12.4,1,DRIFT
2026-09-06T00:40:50.454383+00:00,1788655250454,AWS-001,Coastal Marine AWS,22.74,97.6,22.34,1009.6,3.9,52.6,0.0,0.0,15.61,12.41,1,DRIFT
2026-09-06T00:41:50.454383+00:00,1788655310454,AWS-001,Coastal Marine AWS,22.73,98.0,22.4,1009.17,7.8,46.5,0.0,0.0,15.61,12.39,1,DRIFT
2026-09-06T00:42:50.454383+00:00,1788655370454,AWS-001,Coastal Marine AWS,22.55,97.8,22.18,1009.27,4.2,49.3,0.0,0.0,15.61,12.38,1,DRIFT
2026-09-06T00:43:50.454383+00:00,1788655430454,AWS-001,Coastal Marine AWS,22.68,97.1,22.19,1008.97,5.0,50.4,0.0,0.0,15.61,12.39,1,DRIFT
2026-09-06T00:44:50.454383+00:00,1788655490454,AWS-001,Coastal Marine AWS,22.65,98.5,22.4,1008.92,6.7,54.7,0.0,0.0,15.61,12.37,1,DRIFT
2026-09-06T00:45:50.454383+00:00,1788655550454,AWS-001,Coastal Marine AWS,22.69,97.8,22.32,1008.86,6.6,53.3,0.0,0.0,15.61,12.38,1,DRIFT
2026-09-06T00:46:50.454383+00:00,1788655610454,AWS-001,Coastal Marine AWS,22.87,98.7,22.65,1008.65,4.2,54.9,0.0,0.0,15.61,12.4,1,DRIFT
2026-09-06T00:47:50.454383+00:00,1788655670454,AWS-001,Coastal Marine AWS,23.04,97.4,22.6,1008.51,5.2,57.0,0.0,0.0,15.61,12.39,1,DRIFT
2026-09-06T00:48:50.454383+00:00,1788655730454,AWS-001,Coastal Marine AWS,22.49,98.0,22.16,1008.38,4.6,57.0,0.0,0.0,15.61,12.41,1,DRIFT
2026-09-06T00:49:50.454383+00:00,1788655790454,AWS-001,Coastal Marine AWS,22.59,97.8,22.22,1008.23,5.3,61.6,0.0,0.0,15.61,12.39,1,DRIFT
2026-09-06T00:50:50.454383+00:00,1788655850454,AWS-001,Coastal Marine AWS,22.73,97.6,22.33,1008.1,4.4,54.8,0.0,0.0,15.61,12.39,1,DRIFT
2026-09-06T00:51:50.454383+00:00,1788655910454,AWS-001,Coastal Marine AWS,22.78,98.5,22.53,1008.04,3.6,43.2,0.0,0.0,15.61,12.38,1,DRIFT
2026-09-06T00:52:50.454383+00:00,1788655970454,AWS-001,Coastal Marine AWS,22.7,98.8,22.5,1007.77,5.2,46.0,0.0,0.0,15.61,12.39,1,DRIFT
2026-09-06T00:53:50.454383+00:00,1788656030454,AWS-001,Coastal Marine AWS,22.68,98.6,22.45,1007.73,4.8,46.0,0.0,0.0,15.61,12.43,1,DRIFT
2026-09-06T00:54:50.454383+00:00,1788656090454,AWS-001,Coastal Marine AWS,22.42,98.0,22.09,1007.57,3.8,48.4,0.0,0.0,15.61,12.38,1,DRIFT
2026-09-06T00:55:50.454383+00:00,1788656150454,AWS-001,Coastal Marine AWS,22.48,98.5,22.23,1007.45,4.9,47.7,0.0,0.0,15.61,12.37,1,DRIFT
2026-09-06T00:56:50.454383+00:00,1788656210454,AWS-001,Coastal Marine AWS,22.46,98.3,22.18,1007.28,6.3,51.7,0.0,0.0,15.61,12.43,1,DRIFT
2026-09-06T00:57:50.454383+00:00,1788656270454,AWS-001,Coastal Marine AWS,22.61,97.7,22.23,1007.2,6.0,56.7,0.0,0.0,15.61,12.37,1,DRIFT
2026-09-06T00:58:50.454383+00:00,1788656330454,AWS-001,Coastal Marine AWS,22.76,98.6,22.53,1007.02,6.6,53.3,0.0,0.0,15.61,12.41,1,DRIFT
2026-09-06T00:59:50.454383+00:00,1788656390454,AWS-001,Coastal Marine AWS,22.78,98.2,22.48,1006.91,3.4,57.3,0.0,0.0,15.61,12.38,1,DRIFT
2026-09-06T01:00:50.454383+00:00,1788656450454,AWS-001,Coastal Marine AWS,22.56,98.3,22.28,1006.8,4.2,59.1,0.0,0.0,15.61,12.4,1,DRIFT
2026-09-06T01:01:50.454383+00:00,1788656510454,AWS-001,Coastal Marine AWS,22.43,98.9,22.25,1006.55,5.4,66.0,0.0,0.0,15.61,12.44,1,DRIFT
2026-09-06T01:02:50.454383+00:00,1788656570454,AWS-001,Coastal Marine AWS,22.5,99.0,22.33,1006.46,6.0,62.3,0.0,0.0,15.61,12.39,1,DRIFT
2026-09-06T01:03:50.454383+00:00,1788656630454,AWS-001,Coastal Marine AWS,22.12,99.0,21.95,1006.27,5.7,59.9,0.0,0.0,15.61,12.41,1,DRIFT
2026-09-06T01:04:50.454383+00:00,1788656690454,AWS-001,Coastal Marine AWS,22.54,99.0,22.37,1006.07,6.0,54.4,0.0,0.0,15.61,12.39,1,DRIFT
2026-09-06T01:05:50.454383+00:00,1788656750454,AWS-001,Coastal Marine AWS,22.54,98.9,22.36,1006.0,5.2,58.6,0.0,0.0,15.61,12.42,1,DRIFT
2026-09-06T01:06:50.454383+00:00,1788656810454,AWS-001,Coastal Marine AWS,22.54,99.0,22.37,1005.97,3.9,52.8,0.0,0.0,15.61,12.39,1,DRIFT
2026-09-06T01:07:50.454383+00:00,1788656870454,AWS-001,Coastal Marine AWS,22.44,98.9,22.26,1005.68,4.4,50.9,0.0,0.0,15.61,12.4,1,DRIFT
2026-09-06T01:08:50.454383+00:00,1788656930454,AWS-001,Coastal Marine AWS,22.34,99.0,22.17,1005.5,6.7,54.1,0.0,0.0,15.61,12.42,1,DRIFT
2026-09-06T01:09:50.454383+00:00,1788656990454,AWS-001,Coastal Marine AWS,22.59,98.0,22.26,1005.42,4.5,60.6,0.0,0.0,15.61,12.39,1,DRIFT
2026-09-06T01:10:50.454383+00:00,1788657050454,AWS-001,Coastal Marine AWS,22.2,98.7,21.98,1005.27,4.3,62.5,0.0,0.0,15.61,12.41,1,DRIFT
2026-09-06T01:11:50.454383+00:00,1788657110454,AWS-001,Coastal Marine AWS,22.39,99.0,22.22,1005.15,5.0,61.0,0.0,0.0,15.61,12.4,1,DRIFT
2026-09-06T01:12:50.454383+00:00,1788657170454,AWS-001,Coastal Marine AWS,22.35,98.9,22.17,1005.0,6.3,61.2,0.0,0.0,15.61,12.37,1,DRIFT
2026-09-06T01:13:50.454383+00:00,1788657230454,AWS-001,Coastal Marine AWS,22.57,98.3,22.29,1004.94,4.3,66.6,0.0,0.0,15.61,12.39,1,DRIFT
2026-09-06T01:14:50.454383+00:00,1788657290454,AWS-001,Coastal Marine AWS,22.25,99.0,22.08,1004.66,4.0,61.0,0.0,0.0,15.61,12.4,1,DRIFT
2026-09-06T01:15:50.454383+00:00,1788657350454,AWS-001,Coastal Marine AWS,22.08,98.4,21.82,1013.67,4.4,62.9,0.0,0.0,15.61,12.4,0,NORMAL
2026-09-06T01:16:50.454383+00:00,1788657410454,AWS-001,Coastal Marine AWS,22.29,97.3,21.84,1013.72,6.2,58.1,0.0,0.0,15.61,12.4,0,NORMAL
2026-09-06T01:17:50.454383+00:00,1788657470454,AWS-001,Coastal Marine AWS,22.4,99.0,22.23,1013.71,4.3,62.5,0.0,0.0,15.61,12.37,0,NORMAL
2026-09-06T01:18:50.454383+00:00,1788657530454,AWS-001,Coastal Marine AWS,22.15,98.9,21.97,1013.79,4.8,65.2,0.0,0.0,15.61,12.38,0,NORMAL
2026-09-06T01:19:50.454383+00:00,1788657590454,AWS-001,Coastal Marine AWS,22.41,99.0,22.24,1013.78,4.6,60.4,0.0,0.0,15.61,12.41,0,NORMAL
2026-09-06T01:20:50.454383+00:00,1788657650454,AWS-001,Coastal Marine AWS,22.19,98.7,21.97,1013.68,5.2,61.9,0.0,0.0,15.61,12.4,0,NORMAL
2026-09-06T01:21:50.454383+00:00,1788657710454,AWS-001,Coastal Marine AWS,22.56,99.0,22.39,1013.76,4.1,59.3,0.0,0.0,15.61,12.38,0,NORMAL
2026-09-06T01:22:50.454383+00:00,1788657770454,AWS-001,Coastal Marine AWS,22.49,98.7,22.27,1013.65,3.5,58.2,0.0,0.0,15.61,12.41,0,NORMAL
2026-09-06T01:23:50.454383+00:00,1788657830454,AWS-001,Coastal Marine AWS,22.35,99.0,22.18,1013.69,5.9,55.0,0.0,0.0,15.61,12.38,0,NORMAL
2026-09-06T01:24:50.454383+00:00,1788657890454,AWS-001,Coastal Marine AWS,22.24,98.2,21.94,1013.78,3.5,53.4,0.0,0.0,15.61,12.41,0,NORMAL
2026-09-06T01:25:50.454383+00:00,1788657950454,AWS-001,Coastal Marine AWS,22.09,99.0,21.92,1013.87,4.0,56.0,0.0,0.0,15.61,12.4,0,NORMAL
2026-09-06T01:26:50.454383+00:00,1788658010454,AWS-001,Coastal Marine AWS,22.19,98.9,22.01,1013.89,3.7,54.6,0.0,0.0,15.61,12.4,0,NORMAL
2026-09-06T01:27:50.454383+00:00,1788658070454,AWS-001,Coastal Marine AWS,22.06,99.0,21.89,1013.82,4.8,59.5,0.0,0.0,15.61,12.4,0,NORMAL
2026-09-06T01:28:50.454383+00:00,1788658130454,AWS-001,Coastal Marine AWS,22.3,98.1,21.98,1013.83,3.6,61.5,0.0,0.0,15.61,12.43,0,NORMAL
2026-09-06T01:29:50.454383+00:00,1788658190454,AWS-001,Coastal Marine AWS,22.31,99.0,22.14,1013.8,4.4,63.5,0.0,0.0,15.61,12.41,0,NORMAL
2026-09-06T01:30:50.454383+00:00,1788658250454,AWS-001,Coastal Marine AWS,22.45,98.9,22.27,1013.81,3.8,67.7,0.0,0.0,15.61,12.41,0,NORMAL
2026-09-06T01:31:50.454383+00:00,1788658310454,AWS-001,Coastal Marine AWS,22.15,99.0,21.98,1013.78,4.5,65.4,0.0,0.0,15.61,12.41,0,NORMAL
2026-09-06T01:32:50.454383+00:00,1788658370454,AWS-001,Coastal Marine AWS,22.19,99.0,22.02,1013.79,4.9,69.1,0.0,0.0,15.61,12.41,0,NORMAL
2026-09-06T01:33:50.454383+00:00,1788658430454,AWS-001,Coastal Marine AWS,22.5,99.0,22.33,1013.92,4.4,69.7,0.0,0.0,15.61,12.37,0,NORMAL
2026-09-06T01:34:50.454383+00:00,1788658490454,AWS-001,Coastal Marine AWS,22.28,99.0,22.11,1013.78,4.0,72.1,0.0,0.0,15.61,12.39,0,NORMAL
2026-09-06T01:35:50.454383+00:00,1788658550454,AWS-001,Coastal Marine AWS,22.16,99.0,21.99,1013.85,4.7,72.5,0.0,0.0,15.61,12.38,0,NORMAL
2026-09-06T01:36:50.454383+00:00,1788658610454,AWS-001,Coastal Marine AWS,22.31,99.0,22.14,1013.88,6.2,74.0,0.0,0.0,15.61,12.41,0,NORMAL
2026-09-06T01:37:50.454383+00:00,1788658670454,AWS-001,Coastal Marine AWS,22.24,99.0,22.07,1013.93,4.3,73.7,0.0,0.0,15.61,12.37,0,NORMAL
2026-09-06T01:38:50.454383+00:00,1788658730454,AWS-001,Coastal Marine AWS,22.29,99.0,22.12,1013.85,5.1,72.0,0.0,0.0,15.61,12.44,0,NORMAL
2026-09-06T01:39:50.454383+00:00,1788658790454,AWS-001,Coastal Marine AWS,22.25,99.0,22.08,1013.87,5.5,73.2,0.0,0.0,15.61,12.43,0,NORMAL
2026-09-06T01:40:50.454383+00:00,1788658850454,AWS-001,Coastal Marine AWS,22.25,99.0,22.08,1013.94,7.0,73.0,0.0,0.0,15.61,12.42,0,NORMAL
2026-09-06T01:41:50.454383+00:00,1788658910454,AWS-001,Coastal Marine AWS,22.12,99.0,21.95,1013.94,4.1,66.8,0.0,0.0,15.61,12.43,0,NORMAL
2026-09-06T01:42:50.454383+00:00,1788658970454,AWS-001,Coastal Marine AWS,22.02,99.0,21.85,1013.86,5.1,67.0,0.0,0.0,15.61,12.41,0,NORMAL
2026-09-06T01:43:50.454383+00:00,1788659030454,AWS-001,Coastal Marine AWS,22.2,99.0,22.03,1013.89,3.7,63.5,0.0,0.0,15.61,12.39,0,NORMAL
2026-09-06T01:44:50.454383+00:00,1788659090454,AWS-001,Coastal Marine AWS,22.24,99.0,22.07,1013.99,4.8,64.3,0.0,0.0,15.61,12.4,0,NORMAL
2026-09-06T01:45:50.454383+00:00,1788659150454,AWS-001,Coastal Marine AWS,22.21,99.0,22.04,1013.88,4.6,63.3,0.0,0.0,15.61,12.39,0,NORMAL
2026-09-06T01:46:50.454383+00:00,1788659210454,AWS-001,Coastal Marine AWS,22.51,99.0,22.34,1013.94,3.9,63.2,0.0,0.0,15.61,12.35,0,NORMAL
2026-09-06T01:47:50.454383+00:00,1788659270454,AWS-001,Coastal Marine AWS,21.92,99.0,21.76,1013.96,4.7,63.4,0.0,0.0,15.61,12.39,0,NORMAL
2026-09-06T01:48:50.454383+00:00,1788659330454,AWS-001,Coastal Marine AWS,22.01,99.0,21.84,1014.02,4.1,68.2,0.0,0.0,15.61,12.43,0,NORMAL
2026-09-06T01:49:50.454383+00:00,1788659390454,AWS-001,Coastal Marine AWS,21.99,99.0,21.82,1013.93,5.2,68.1,0.0,0.0,15.61,12.39,0,NORMAL
2026-09-06T01:50:50.454383+00:00,1788659450454,AWS-001,Coastal Marine AWS,22.27,99.0,22.1,1014.02,4.0,63.7,0.0,0.0,15.61,12.36,0,NORMAL
2026-09-06T01:51:50.454383+00:00,1788659510454,AWS-001,Coastal Marine AWS,21.86,99.0,21.7,1014.01,3.3,68.1,0.0,0.0,15.61,12.39,0,NORMAL
2026-09-06T01:52:50.454383+00:00,1788659570454,AWS-001,Coastal Marine AWS,22.2,98.7,21.98,1013.97,3.4,71.3,0.0,0.0,15.61,12.37,0,NORMAL
2026-09-06T01:53:50.454383+00:00,1788659630454,AWS-001,Coastal Marine AWS,22.22,99.0,22.05,1014.04,4.1,73.3,0.0,0.0,15.61,12.4,0,NORMAL
2026-09-06T01:54:50.454383+00:00,1788659690454,AWS-001,Coastal Marine AWS,22.05,99.0,21.88,1013.97,3.8,73.8,0.0,0.0,15.61,12.41,0,NORMAL
2026-09-06T01:55:50.454383+00:00,1788659750454,AWS-001,Coastal Marine AWS,22.17,99.0,22.0,1014.06,5.0,72.8,0.0,0.0,15.61,12.38,0,NORMAL
2026-09-06T01:56:50.454383+00:00,1788659810454,AWS-001,Coastal Marine AWS,22.18,99.0,22.01,1014.17,5.4,69.8,0.0,0.0,15.61,12.38,0,NORMAL
2026-09-06T01:57:50.454383+00:00,1788659870454,AWS-001,Coastal Marine AWS,22.19,98.9,22.01,1014.1,6.6,72.3,0.0,0.0,15.61,12.43,0,NORMAL
2026-09-06T01:58:50.454383+00:00,1788659930454,AWS-001,Coastal Marine AWS,21.92,99.0,21.76,1014.07,5.8,74.0,0.0,0.0,15.61,12.41,0,NORMAL
2026-09-06T01:59:50.454383+00:00,1788659990454,AWS-001,Coastal Marine AWS,22.07,99.0,21.9,1013.96,5.0,74.1,0.0,0.0,15.61,12.37,0,NORMAL
2026-09-06T02:00:50.454383+00:00,1788660050454,AWS-001,Coastal Marine AWS,22.33,99.0,22.16,1014.14,4.9,76.1,0.0,0.0,15.61,12.4,0,NORMAL
2026-09-06T02:01:50.454383+00:00,1788660110454,AWS-001,Coastal Marine AWS,22.06,99.0,21.89,1014.11,5.7,74.4,0.0,0.0,15.61,12.41,0,NORMAL
2026-09-06T02:02:50.454383+00:00,1788660170454,AWS-001,Coastal Marine AWS,21.81,99.0,21.65,1014.08,6.0,74.1,0.0,0.0,15.61,12.37,0,NORMAL
2026-09-06T02:03:50.454383+00:00,1788660230454,AWS-001,Coastal Marine AWS,22.08,99.0,21.91,1014.1,5.0,72.6,0.0,0.0,15.61,12.38,0,NORMAL
2026-09-06T02:04:50.454383+00:00,1788660290454,AWS-001,Coastal Marine AWS,22.27,99.0,22.1,1014.18,7.3,77.3,0.0,0.0,15.61,12.4,0,NORMAL
2026-09-06T02:05:50.454383+00:00,1788660350454,AWS-001,Coastal Marine AWS,22.08,99.0,21.91,1014.09,5.5,78.5,0.0,0.0,15.61,12.38,0,NORMAL
2026-09-06T02:06:50.454383+00:00,1788660410454,AWS-001,Coastal Marine AWS,22.11,99.0,21.94,1014.12,4.9,84.3,0.0,0.0,15.61,12.4,0,NORMAL
2026-09-06T02:07:50.454383+00:00,1788660470454,AWS-001,Coastal Marine AWS,22.04,99.0,21.87,1014.13,5.6,87.8,0.0,0.0,15.61,12.39,0,NORMAL
2026-09-06T02:08:50.454383+00:00,1788660530454,AWS-001,Coastal Marine AWS,22.17,99.0,22.0,1014.14,4.1,84.7,0.0,0.0,15.61,12.41,0,NORMAL
2026-09-06T02:09:50.454383+00:00,1788660590454,AWS-001,Coastal Marine AWS,21.99,99.0,21.82,1014.14,8.8,77.9,0.0,0.0,15.61,12.41,0,NORMAL
2026-09-06T02:10:50.454383+00:00,1788660650454,AWS-001,Coastal Marine AWS,22.39,99.0,22.22,1014.17,4.2,80.3,0.0,0.0,15.61,12.37,0,NORMAL
2026-09-06T02:11:50.454383+00:00,1788660710454,AWS-001,Coastal Marine AWS,21.81,99.0,21.65,1014.18,3.4,76.1,0.0,0.0,15.61,12.38,0,NORMAL
2026-09-06T02:12:50.454383+00:00,1788660770454,AWS-001,Coastal Marine AWS,22.12,99.0,21.95,1014.14,4.2,72.0,0.0,0.0,15.61,12.39,0,NORMAL
2026-09-06T02:13:50.454383+00:00,1788660830454,AWS-001,Coastal Marine AWS,22.16,99.0,21.99,1014.1,3.6,71.8,0.0,0.0,15.61,12.4,0,NORMAL
2026-09-06T02:14:50.454383+00:00,1788660890454,AWS-001,Coastal Marine AWS,21.83,99.0,21.67,1014.25,5.2,69.5,0.0,0.0,15.61,12.42,0,NORMAL
2026-09-06T02:15:50.454383+00:00,1788660950454,AWS-001,Coastal Marine AWS,22.01,99.0,21.84,1014.12,4.6,65.3,0.0,0.0,15.61,12.42,0,NORMAL
2026-09-06T02:16:50.454383+00:00,1788661010454,AWS-001,Coastal Marine AWS,22.05,99.0,21.88,1014.15,3.8,68.6,0.0,0.0,15.61,12.37,0,NORMAL
2026-09-06T02:17:50.454383+00:00,1788661070454,AWS-001,Coastal Marine AWS,21.73,99.0,21.57,1014.14,6.2,72.7,0.0,0.0,15.61,12.44,0,NORMAL
2026-09-06T02:18:50.454383+00:00,1788661130454,AWS-001,Coastal Marine AWS,22.06,99.0,21.89,1014.11,4.1,77.2,0.0,0.0,15.61,12.39,0,NORMAL
2026-09-06T02:19:50.454383+00:00,1788661190454,AWS-001,Coastal Marine AWS,22.29,99.0,22.12,1014.24,3.5,79.4,0.0,0.0,15.61,12.38,0,NORMAL
2026-09-06T02:20:50.454383+00:00,1788661250454,AWS-001,Coastal Marine AWS,22.19,99.0,22.02,1014.17,5.4,76.5,0.0,0.0,15.61,12.4,0,NORMAL
2026-09-06T02:21:50.454383+00:00,1788661310454,AWS-001,Coastal Marine AWS,22.15,99.0,21.98,1014.21,7.3,78.8,0.0,0.0,15.61,12.38,0,NORMAL
2026-09-06T02:22:50.454383+00:00,1788661370454,AWS-001,Coastal Marine AWS,22.06,99.0,21.89,1014.09,3.9,80.8,0.0,0.0,15.61,12.41,0,NORMAL
2026-09-06T02:23:50.454383+00:00,1788661430454,AWS-001,Coastal Marine AWS,22.09,99.0,21.92,1014.21,4.4,78.1,0.0,0.0,15.61,12.44,0,NORMAL
2026-09-06T02:24:50.454383+00:00,1788661490454,AWS-001,Coastal Marine AWS,22.05,99.0,21.88,1014.21,3.9,77.7,0.0,0.0,15.61,12.42,0,NORMAL
2026-09-06T02:25:50.454383+00:00,1788661550454,AWS-001,Coastal Marine AWS,21.98,99.0,21.82,1014.21,6.5,75.5,0.0,0.0,15.61,12.36,0,NORMAL
2026-09-06T02:26:50.454383+00:00,1788661610454,AWS-001,Coastal Marine AWS,22.33,99.0,22.16,1014.15,4.1,72.3,0.0,0.0,15.61,12.37,0,NORMAL
2026-09-06T02:27:50.454383+00:00,1788661670454,AWS-001,Coastal Marine AWS,21.89,99.0,21.73,1014.21,4.2,71.4,0.0,0.0,15.61,12.4,0,NORMAL
2026-09-06T02:28:50.454383+00:00,1788661730454,AWS-001,Coastal Marine AWS,21.94,99.0,21.78,1014.14,6.4,67.6,0.0,0.0,15.61,12.41,0,NORMAL
2026-09-06T02:29:50.454383+00:00,1788661790454,AWS-001,Coastal Marine AWS,22.18,99.0,22.01,1014.24,5.0,76.6,0.0,0.0,15.61,12.45,0,NORMAL
2026-09-06T02:30:50.454383+00:00,1788661850454,AWS-001,Coastal Marine AWS,22.24,99.0,22.07,1014.13,7.6,73.8,0.0,0.0,15.61,12.36,0,NORMAL
2026-09-06T02:31:50.454383+00:00,1788661910454,AWS-001,Coastal Marine AWS,21.87,99.0,21.71,1014.18,6.4,66.7,0.0,0.0,15.61,12.39,0,NORMAL
2026-09-06T02:32:50.454383+00:00,1788661970454,AWS-001,Coastal Marine AWS,21.95,99.0,21.79,1014.27,4.2,59.5,0.0,0.0,15.61,12.43,0,NORMAL
2026-09-06T02:33:50.454383+00:00,1788662030454,AWS-001,Coastal Marine AWS,22.08,99.0,21.91,1014.19,3.5,62.0,0.0,0.0,15.61,12.38,0,NORMAL
2026-09-06T02:34:50.454383+00:00,1788662090454,AWS-001,Coastal Marine AWS,21.61,99.0,21.45,1014.27,4.5,65.9,0.0,0.0,15.61,12.4,0,NORMAL
2026-09-06T02:35:50.454383+00:00,1788662150454,AWS-001,Coastal Marine AWS,21.85,99.0,21.69,1014.18,5.3,70.9,0.0,0.0,15.61,12.42,0,NORMAL
2026-09-06T02:36:50.454383+00:00,1788662210454,AWS-001,Coastal Marine AWS,22.09,99.0,21.92,1014.23,4.7,66.0,0.0,0.0,15.61,12.41,0,NORMAL
2026-09-06T02:37:50.454383+00:00,1788662270454,AWS-001,Coastal Marine AWS,21.95,99.0,21.79,1014.32,5.5,69.0,0.0,0.0,15.61,12.39,0,NORMAL
2026-09-06T02:38:50.454383+00:00,1788662330454,AWS-001,Coastal Marine AWS,22.08,99.0,21.91,1014.19,4.0,70.5,0.0,0.0,15.61,12.41,0,NORMAL
2026-09-06T02:39:50.454383+00:00,1788662390454,AWS-001,Coastal Marine AWS,21.68,99.0,21.52,1014.21,4.8,66.9,0.0,0.0,15.61,12.34,0,NORMAL
2026-09-06T02:40:50.454383+00:00,1788662450454,AWS-001,Coastal Marine AWS,22.03,99.0,21.86,1014.21,4.0,64.0,0.0,0.0,15.61,12.4,0,NORMAL
2026-09-06T02:41:50.454383+00:00,1788662510454,AWS-001,Coastal Marine AWS,21.72,99.0,21.56,1014.21,4.9,64.5,0.0,0.0,15.61,12.41,0,NORMAL
2026-09-06T02:42:50.454383+00:00,1788662570454,AWS-001,Coastal Marine AWS,21.93,99.0,21.77,1014.22,4.2,60.3,0.0,0.0,15.61,12.42,0,NORMAL
2026-09-06T02:43:50.454383+00:00,1788662630454,AWS-001,Coastal Marine AWS,21.92,99.0,21.76,1014.24,4.9,59.1,0.0,0.0,15.61,12.39,0,NORMAL
2026-09-06T02:44:50.454383+00:00,1788662690454,AWS-001,Coastal Marine AWS,22.06,99.0,21.89,1014.2,6.4,57.7,0.0,0.0,15.61,12.41,0,NORMAL
2026-09-06T02:45:50.454383+00:00,1788662750454,AWS-001,Coastal Marine AWS,22.13,99.0,21.96,1014.27,3.5,57.0,0.0,0.0,15.61,12.39,0,NORMAL
2026-09-06T02:46:50.454383+00:00,1788662810454,AWS-001,Coastal Marine AWS,22.04,99.0,21.87,1014.2,4.5,51.2,0.0,0.0,15.61,12.39,0,NORMAL
2026-09-06T02:47:50.454383+00:00,1788662870454,AWS-001,Coastal Marine AWS,22.04,99.0,21.87,1014.23,4.9,47.4,0.0,0.0,15.61,12.4,0,NORMAL
2026-09-06T02:48:50.454383+00:00,1788662930454,AWS-001,Coastal Marine AWS,22.39,99.0,22.22,1014.29,6.7,46.3,0.0,0.0,15.61,12.35,0,NORMAL
2026-09-06T02:49:50.454383+00:00,1788662990454,AWS-001,Coastal Marine AWS,21.94,99.0,21.78,1014.27,4.9,47.2,0.0,0.0,15.61,12.38,0,NORMAL
2026-09-06T02:50:50.454383+00:00,1788663050454,AWS-001,Coastal Marine AWS,21.98,99.0,21.82,1014.23,4.1,42.0,0.0,0.0,15.61,12.39,0,NORMAL
2026-09-06T02:51:50.454383+00:00,1788663110454,AWS-001,Coastal Marine AWS,22.11,99.0,21.94,1014.22,6.8,43.4,0.0,0.0,15.61,12.38,0,NORMAL
2026-09-06T02:52:50.454383+00:00,1788663170454,AWS-001,Coastal Marine AWS,22.11,99.0,21.94,1014.3,4.0,41.9,0.0,0.0,15.61,12.38,0,NORMAL
2026-09-06T02:53:50.454383+00:00,1788663230454,AWS-001,Coastal Marine AWS,22.19,99.0,22.02,1014.18,5.7,38.4,0.0,0.0,15.61,12.42,0,NORMAL
2026-09-06T02:54:50.454383+00:00,1788663290454,AWS-001,Coastal Marine AWS,22.09,99.0,21.92,1014.06,4.7,39.9,0.0,0.0,15.61,12.36,0,NORMAL
2026-09-06T02:55:50.454383+00:00,1788663350454,AWS-001,Coastal Marine AWS,22.07,99.0,21.9,1014.22,6.0,35.4,0.0,0.0,15.61,12.41,0,NORMAL
2026-09-06T02:56:50.454383+00:00,1788663410454,AWS-001,Coastal Marine AWS,22.07,99.0,21.9,1014.25,4.3,35.7,0.0,0.0,15.61,12.4,0,NORMAL
2026-09-06T02:57:50.454383+00:00,1788663470454,AWS-001,Coastal Marine AWS,21.85,99.0,21.69,1014.26,5.4,44.1,0.0,0.0,15.61,12.38,0,NORMAL
2026-09-06T02:58:50.454383+00:00,1788663530454,AWS-001,Coastal Marine AWS,22.1,99.0,21.93,1014.29,3.9,40.6,0.0,0.0,15.61,12.38,0,NORMAL
2026-09-06T02:59:50.454383+00:00,1788663590454,AWS-001,Coastal Marine AWS,22.06,99.0,21.89,1014.09,4.8,46.4,0.0,0.0,15.61,12.4,0,NORMAL
2026-09-06T03:00:50.454383+00:00,1788663650454,AWS-001,Coastal Marine AWS,21.78,98.9,21.6,1014.25,4.7,44.3,0.0,0.0,15.61,12.37,0,NORMAL
2026-09-06T03:01:50.454383+00:00,1788663710454,AWS-001,Coastal Marine AWS,21.92,99.0,21.76,1014.25,3.7,41.1,0.0,0.0,15.61,12.42,0,NORMAL
2026-09-06T03:02:50.454383+00:00,1788663770454,AWS-001,Coastal Marine AWS,21.79,99.0,21.63,1014.28,6.2,42.4,0.0,0.0,15.61,12.35,0,NORMAL
2026-09-06T03:03:50.454383+00:00,1788663830454,AWS-001,Coastal Marine AWS,22.05,99.0,21.88,1014.32,6.1,44.6,0.0,0.0,15.61,12.38,0,NORMAL
2026-09-06T03:04:50.454383+00:00,1788663890454,AWS-001,Coastal Marine AWS,22.11,99.0,21.94,1014.29,6.3,44.1,0.0,0.0,15.61,12.42,0,NORMAL
2026-09-06T03:05:50.454383+00:00,1788663950454,AWS-001,Coastal Marine AWS,22.17,99.0,22.0,1014.22,4.2,50.3,0.0,0.0,15.61,12.41,0,NORMAL
2026-09-06T03:06:50.454383+00:00,1788664010454,AWS-001,Coastal Marine AWS,22.27,99.0,22.1,1014.27,4.7,48.0,0.0,0.0,15.61,12.39,0,NORMAL
2026-09-06T03:07:50.454383+00:00,1788664070454,AWS-001,Coastal Marine AWS,22.12,99.0,21.95,1014.21,5.9,47.6,0.0,0.0,15.61,12.39,0,NORMAL
2026-09-06T03:08:50.454383+00:00,1788664130454,AWS-001,Coastal Marine AWS,22.05,99.0,21.88,1014.34,4.0,46.2,0.0,0.0,15.61,12.4,0,NORMAL
2026-09-06T03:09:50.454383+00:00,1788664190454,AWS-001,Coastal Marine AWS,21.99,98.4,21.73,1014.29,4.4,48.1,0.0,0.0,15.61,12.41,0,NORMAL
2026-09-06T03:10:50.454383+00:00,1788664250454,AWS-001,Coastal Marine AWS,22.04,99.0,21.87,1014.26,5.4,44.9,0.0,0.0,15.61,12.45,0,NORMAL
2026-09-06T03:11:50.454383+00:00,1788664310454,AWS-001,Coastal Marine AWS,22.07,99.0,21.9,1014.31,4.6,44.0,0.0,0.0,15.61,12.44,0,NORMAL
2026-09-06T03:12:50.454383+00:00,1788664370454,AWS-001,Coastal Marine AWS,22.26,99.0,22.09,1014.32,4.4,45.8,0.0,0.0,15.61,12.39,0,NORMAL
2026-09-06T03:13:50.454383+00:00,1788664430454,AWS-001,Coastal Marine AWS,22.11,99.0,21.94,1014.32,7.2,46.6,0.0,0.0,15.61,12.43,0,NORMAL
2026-09-06T03:14:50.454383+00:00,1788664490454,AWS-001,Coastal Marine AWS,22.03,99.0,21.86,1014.27,4.4,41.4,0.0,0.0,15.61,12.39,0,NORMAL
2026-09-06T03:15:50.454383+00:00,1788664550454,AWS-001,Coastal Marine AWS,21.98,99.0,21.82,1014.37,3.8,40.2,0.0,0.0,15.61,12.37,0,NORMAL
2026-09-06T03:16:50.454383+00:00,1788664610454,AWS-001,Coastal Marine AWS,22.04,99.0,21.87,1014.27,4.3,38.4,0.0,0.0,15.61,12.43,0,NORMAL
2026-09-06T03:17:50.454383+00:00,1788664670454,AWS-001,Coastal Marine AWS,22.14,99.0,21.97,1014.27,4.8,35.7,0.0,0.0,15.61,12.38,0,NORMAL
2026-09-06T03:18:50.454383+00:00,1788664730454,AWS-001,Coastal Marine AWS,22.09,98.8,21.89,1014.35,5.2,35.1,0.0,0.0,15.61,12.41,0,NORMAL
2026-09-06T03:19:50.454383+00:00,1788664790454,AWS-001,Coastal Marine AWS,22.12,99.0,21.95,1014.22,3.8,37.9,0.0,0.0,15.61,12.39,0,NORMAL
2026-09-06T03:20:50.454383+00:00,1788664850454,AWS-001,Coastal Marine AWS,22.0,99.0,21.83,1014.25,3.8,35.9,0.0,0.0,15.61,12.39,0,NORMAL
2026-09-06T03:21:50.454383+00:00,1788664910454,AWS-001,Coastal Marine AWS,22.02,99.0,21.85,1014.26,4.5,32.8,0.0,0.0,15.61,12.39,0,NORMAL
2026-09-06T03:22:50.454383+00:00,1788664970454,AWS-001,Coastal Marine AWS,22.24,99.0,22.07,1014.21,3.6,35.9,0.0,0.0,15.61,12.4,0,NORMAL
2026-09-06T03:23:50.454383+00:00,1788665030454,AWS-001,Coastal Marine AWS,21.96,99.0,21.8,1014.29,5.7,37.7,0.0,0.0,15.61,12.41,0,NORMAL
2026-09-06T03:24:50.454383+00:00,1788665090454,AWS-001,Coastal Marine AWS,22.21,99.0,22.04,1014.24,4.5,36.4,0.0,0.0,15.61,12.41,0,NORMAL
2026-09-06T03:25:50.454383+00:00,1788665150454,AWS-001,Coastal Marine AWS,21.94,98.8,21.74,1014.22,5.1,33.3,0.0,0.0,15.61,12.39,0,NORMAL
2026-09-06T03:26:50.454383+00:00,1788665210454,AWS-001,Coastal Marine AWS,22.41,98.9,22.23,1014.22,3.6,36.2,0.0,0.0,15.61,12.39,0,NORMAL
2026-09-06T03:27:50.454383+00:00,1788665270454,AWS-001,Coastal Marine AWS,22.05,99.0,21.88,1014.21,4.3,35.8,0.0,0.0,15.61,12.39,0,NORMAL
2026-09-06T03:28:50.454383+00:00,1788665330454,AWS-001,Coastal Marine AWS,22.08,99.0,21.91,1014.38,4.5,35.2,0.0,0.0,15.61,12.4,0,NORMAL
2026-09-06T03:29:50.454383+00:00,1788665390454,AWS-001,Coastal Marine AWS,21.96,98.9,21.78,1014.32,3.6,36.4,0.0,0.0,15.61,12.44,0,NORMAL
2026-09-06T03:30:50.454383+00:00,1788665450454,AWS-001,Coastal Marine AWS,22.31,99.0,22.14,1014.23,3.9,35.2,0.0,0.0,15.61,12.4,0,NORMAL
2026-09-06T03:31:50.454383+00:00,1788665510454,AWS-001,Coastal Marine AWS,22.21,99.0,22.04,1014.21,4.4,34.4,0.0,0.0,15.61,12.43,0,NORMAL
2026-09-06T03:32:50.454383+00:00,1788665570454,AWS-001,Coastal Marine AWS,22.36,99.0,22.19,1014.29,4.9,35.6,0.0,0.0,15.61,12.41,0,NORMAL
2026-09-06T03:33:50.454383+00:00,1788665630454,AWS-001,Coastal Marine AWS,22.46,99.0,22.29,1014.19,3.7,32.2,0.0,0.0,15.61,12.41,0,NORMAL
2026-09-06T03:34:50.454383+00:00,1788665690454,AWS-001,Coastal Marine AWS,22.48,99.0,22.31,1014.2,5.4,32.4,0.0,0.0,15.61,12.42,0,NORMAL
2026-09-06T03:35:50.454383+00:00,1788665750454,AWS-001,Coastal Marine AWS,22.49,98.7,22.27,1014.25,4.2,32.7,1950.0,0.0,15.61,12.44,1,OUT_OF_BOUNDS
2026-09-06T03:36:50.454383+00:00,1788665810454,AWS-001,Coastal Marine AWS,22.28,99.0,22.11,1014.2,3.6,33.9,1950.0,0.0,15.61,12.42,1,OUT_OF_BOUNDS
2026-09-06T03:37:50.454383+00:00,1788665870454,AWS-001,Coastal Marine AWS,22.5,98.9,22.32,1014.22,4.5,32.9,1950.0,0.0,15.61,12.42,1,OUT_OF_BOUNDS
2026-09-06T03:38:50.454383+00:00,1788665930454,AWS-001,Coastal Marine AWS,22.15,99.0,21.98,1014.27,3.6,32.7,1950.0,0.0,15.61,12.42,1,OUT_OF_BOUNDS
2026-09-06T03:39:50.454383+00:00,1788665990454,AWS-001,Coastal Marine AWS,22.23,98.6,22.0,1014.26,4.5,34.1,1950.0,0.0,15.61,12.42,1,OUT_OF_BOUNDS
2026-09-06T03:40:50.454383+00:00,1788666050454,AWS-001,Coastal Marine AWS,22.38,99.0,22.21,1014.16,5.3,33.6,0.0,0.0,15.61,12.41,0,NORMAL
2026-09-06T03:41:50.454383+00:00,1788666110454,AWS-001,Coastal Marine AWS,22.29,98.7,22.07,1014.26,4.8,32.8,0.0,0.0,15.61,12.37,0,NORMAL
2026-09-06T03:42:50.454383+00:00,1788666170454,AWS-001,Coastal Marine AWS,22.23,98.9,22.05,1014.26,4.6,35.2,0.0,0.0,15.61,12.4,0,NORMAL
2026-09-06T03:43:50.454383+00:00,1788666230454,AWS-001,Coastal Marine AWS,22.11,99.0,21.94,1014.16,3.6,41.6,0.0,0.0,15.61,12.41,0,NORMAL
2026-09-06T03:44:50.454383+00:00,1788666290454,AWS-001,Coastal Marine AWS,22.24,99.0,22.07,1014.21,4.1,37.8,0.0,0.0,15.61,12.39,0,NORMAL
2026-09-06T03:45:50.454383+00:00,1788666350454,AWS-001,Coastal Marine AWS,22.14,99.0,21.97,1014.15,5.3,36.5,0.0,0.0,15.61,12.4,0,NORMAL
2026-09-06T03:46:50.454383+00:00,1788666410454,AWS-001,Coastal Marine AWS,22.1,99.0,21.93,1014.21,5.7,36.7,0.0,0.0,15.61,12.4,0,NORMAL
2026-09-06T03:47:50.454383+00:00,1788666470454,AWS-001,Coastal Marine AWS,22.53,98.8,22.33,1014.16,4.9,29.0,0.0,0.0,15.61,12.41,0,NORMAL
2026-09-06T03:48:50.454383+00:00,1788666530454,AWS-001,Coastal Marine AWS,22.54,98.7,22.32,1014.3,5.4,29.7,0.0,0.0,15.61,12.4,0,NORMAL
2026-09-06T03:49:50.454383+00:00,1788666590454,AWS-001,Coastal Marine AWS,22.35,98.5,22.1,1014.23,3.7,29.9,0.0,0.0,15.61,12.4,0,NORMAL
2026-09-06T03:50:50.454383+00:00,1788666650454,AWS-001,Coastal Marine AWS,22.29,98.8,22.09,1014.16,4.6,27.6,0.0,0.0,15.61,12.39,0,NORMAL
2026-09-06T03:51:50.454383+00:00,1788666710454,AWS-001,Coastal Marine AWS,22.27,98.5,22.02,1014.15,5.5,23.5,0.0,0.0,15.61,12.43,0,NORMAL
2026-09-06T03:52:50.454383+00:00,1788666770454,AWS-001,Coastal Marine AWS,22.31,98.7,22.09,1014.09,4.8,19.7,0.0,0.0,15.61,12.41,0,NORMAL
2026-09-06T03:53:50.454383+00:00,1788666830454,AWS-001,Coastal Marine AWS,22.3,99.0,22.13,1014.12,4.0,15.7,0.0,0.0,15.61,12.43,0,NORMAL
2026-09-06T03:54:50.454383+00:00,1788666890454,AWS-001,Coastal Marine AWS,22.35,99.0,22.18,1014.13,5.2,17.5,0.0,0.0,15.61,12.39,0,NORMAL
2026-09-06T03:55:50.454383+00:00,1788666950454,AWS-001,Coastal Marine AWS,22.48,98.6,22.25,1014.18,5.2,15.6,0.0,0.0,15.61,12.41,0,NORMAL
2026-09-06T03:56:50.454383+00:00,1788667010454,AWS-001,Coastal Marine AWS,22.43,98.1,22.11,1014.13,8.2,13.4,0.0,0.0,15.61,12.42,0,NORMAL
2026-09-06T03:57:50.454383+00:00,1788667070454,AWS-001,Coastal Marine AWS,22.51,98.7,22.29,1014.21,5.1,18.1,0.0,0.0,15.61,12.39,0,NORMAL
2026-09-06T03:58:50.454383+00:00,1788667130454,AWS-001,Coastal Marine AWS,22.46,98.1,22.14,1014.09,4.0,14.9,0.0,0.0,15.61,12.42,0,NORMAL
2026-09-06T03:59:50.454383+00:00,1788667190454,AWS-001,Coastal Marine AWS,22.42,98.3,22.14,1014.09,6.6,16.2,0.0,0.0,15.61,12.4,0,NORMAL
2026-09-06T04:00:50.454383+00:00,1788667250454,AWS-001,Coastal Marine AWS,22.45,98.7,22.23,1014.07,7.1,17.3,0.0,0.0,15.61,12.44,0,NORMAL
2026-09-06T04:01:50.454383+00:00,1788667310454,AWS-001,Coastal Marine AWS,22.6,98.1,22.28,1014.04,5.8,21.1,0.0,0.0,15.61,12.42,0,NORMAL
2026-09-06T04:02:50.454383+00:00,1788667370454,AWS-001,Coastal Marine AWS,22.68,97.7,22.3,1014.17,6.5,21.4,0.0,0.0,15.61,12.4,0,NORMAL
2026-09-06T04:03:50.454383+00:00,1788667430454,AWS-001,Coastal Marine AWS,22.41,98.1,22.09,1014.09,3.6,20.5,0.0,0.0,15.61,12.39,0,NORMAL
2026-09-06T04:04:50.454383+00:00,1788667490454,AWS-001,Coastal Marine AWS,22.45,98.3,22.17,1014.02,6.8,20.8,0.0,0.0,15.61,12.4,0,NORMAL
2026-09-06T04:05:50.454383+00:00,1788667550454,AWS-001,Coastal Marine AWS,22.51,97.4,22.08,1014.15,4.5,29.4,0.0,0.0,15.61,12.39,0,NORMAL
2026-09-06T04:06:50.454383+00:00,1788667610454,AWS-001,Coastal Marine AWS,22.82,98.1,22.5,1014.05,5.6,32.5,0.0,0.0,15.61,12.4,0,NORMAL
2026-09-06T04:07:50.454383+00:00,1788667670454,AWS-001,Coastal Marine AWS,22.57,97.8,22.2,1014.04,4.7,32.5,0.0,0.0,15.61,12.4,0,NORMAL
2026-09-06T04:08:50.454383+00:00,1788667730454,AWS-001,Coastal Marine AWS,22.78,98.4,22.51,1014.14,5.5,34.8,0.0,0.0,15.61,12.4,0,NORMAL
2026-09-06T04:09:50.454383+00:00,1788667790454,AWS-001,Coastal Marine AWS,22.31,99.0,22.14,1014.1,4.5,35.6,0.0,0.0,15.61,12.4,0,NORMAL
2026-09-06T04:10:50.454383+00:00,1788667850454,AWS-001,Coastal Marine AWS,22.69,97.7,22.31,1014.16,6.0,41.0,0.0,0.0,15.61,12.36,0,NORMAL
2026-09-06T04:11:50.454383+00:00,1788667910454,AWS-001,Coastal Marine AWS,22.52,98.1,22.2,1014.06,5.8,42.3,0.0,0.0,15.61,12.42,0,NORMAL
2026-09-06T04:12:50.454383+00:00,1788667970454,AWS-001,Coastal Marine AWS,22.68,98.0,22.35,1014.13,4.6,46.9,0.0,0.0,15.61,12.36,0,NORMAL
2026-09-06T04:13:50.454383+00:00,1788668030454,AWS-001,Coastal Marine AWS,22.54,98.0,22.21,1014.15,7.8,47.1,0.0,0.0,15.61,12.42,0,NORMAL
2026-09-06T04:14:50.454383+00:00,1788668090454,AWS-001,Coastal Marine AWS,22.63,97.6,22.23,1014.12,4.6,47.0,0.0,0.0,15.61,12.42,0,NORMAL
2026-09-06T04:15:50.454383+00:00,1788668150454,AWS-001,Coastal Marine AWS,22.76,98.2,22.46,1014.22,4.8,50.0,0.0,0.0,15.61,12.38,0,NORMAL
2026-09-06T04:16:50.454383+00:00,1788668210454,AWS-001,Coastal Marine AWS,22.52,98.2,22.22,1014.16,5.4,47.1,0.0,0.0,15.61,12.39,0,NORMAL
2026-09-06T04:17:50.454383+00:00,1788668270454,AWS-001,Coastal Marine AWS,22.72,97.0,22.22,1014.06,4.5,49.5,0.0,0.0,15.61,12.4,0,NORMAL
2026-09-06T04:18:50.454383+00:00,1788668330454,AWS-001,Coastal Marine AWS,22.55,97.2,22.08,1014.11,6.7,46.5,0.0,0.0,15.61,12.41,0,NORMAL
2026-09-06T04:19:50.454383+00:00,1788668390454,AWS-001,Coastal Marine AWS,22.24,97.5,21.82,1014.05,6.5,41.8,0.0,0.0,15.61,12.41,0,NORMAL
2026-09-06T04:20:50.454383+00:00,1788668450454,AWS-001,Coastal Marine AWS,22.59,96.8,22.05,1014.04,5.4,43.6,0.0,0.0,15.61,12.37,0,NORMAL
2026-09-06T04:21:50.454383+00:00,1788668510454,AWS-001,Coastal Marine AWS,22.43,97.4,22.0,1014.09,5.1,44.0,0.0,0.0,15.61,12.38,0,NORMAL
2026-09-06T04:22:50.454383+00:00,1788668570454,AWS-001,Coastal Marine AWS,22.77,97.2,22.3,1014.15,4.1,45.6,0.0,0.0,15.61,12.4,0,NORMAL
2026-09-06T04:23:50.454383+00:00,1788668630454,AWS-001,Coastal Marine AWS,23.01,97.2,22.54,1014.0,5.8,41.9,0.0,0.0,15.61,12.4,0,NORMAL
2026-09-06T04:24:50.454383+00:00,1788668690454,AWS-001,Coastal Marine AWS,23.13,96.5,22.54,1014.01,5.6,43.5,0.0,0.0,15.61,12.38,0,NORMAL
2026-09-06T04:25:50.454383+00:00,1788668750454,AWS-001,Coastal Marine AWS,22.66,96.8,22.12,1014.07,3.7,44.1,0.0,0.0,15.61,12.4,0,NORMAL
2026-09-06T04:26:50.454383+00:00,1788668810454,AWS-001,Coastal Marine AWS,22.98,97.8,22.61,1014.08,4.1,36.3,0.0,0.0,15.61,12.38,0,NORMAL
2026-09-06T04:27:50.454383+00:00,1788668870454,AWS-001,Coastal Marine AWS,22.8,97.5,22.38,1014.08,5.4,35.8,0.0,0.0,15.61,12.36,0,NORMAL
2026-09-06T04:28:50.454383+00:00,1788668930454,AWS-001,Coastal Marine AWS,23.12,97.4,22.68,1014.14,3.4,42.2,0.0,0.0,15.61,12.4,0,NORMAL
2026-09-06T04:29:50.454383+00:00,1788668990454,AWS-001,Coastal Marine AWS,22.91,97.4,22.47,1014.06,3.3,42.0,0.0,0.0,15.61,12.37,0,NORMAL
2026-09-06T04:30:50.454383+00:00,1788669050454,AWS-001,Coastal Marine AWS,22.77,97.7,22.39,1014.05,3.8,44.1,0.0,0.0,15.61,12.4,0,NORMAL
2026-09-06T04:31:50.454383+00:00,1788669110454,AWS-001,Coastal Marine AWS,22.99,97.8,22.62,1013.97,4.1,46.2,0.0,0.0,15.61,12.41,0,NORMAL
2026-09-06T04:32:50.454383+00:00,1788669170454,AWS-001,Coastal Marine AWS,22.89,96.5,22.3,1014.09,5.2,47.0,0.0,0.0,15.61,12.42,0,NORMAL
2026-09-06T04:33:50.454383+00:00,1788669230454,AWS-001,Coastal Marine AWS,23.11,95.9,22.42,1014.18,5.1,40.4,0.0,0.0,15.61,12.41,0,NORMAL
2026-09-06T04:34:50.454383+00:00,1788669290454,AWS-001,Coastal Marine AWS,22.77,97.5,22.35,1014.03,7.0,36.1,0.0,0.0,15.61,12.42,0,NORMAL
2026-09-06T04:35:50.454383+00:00,1788669350454,AWS-001,Coastal Marine AWS,23.06,96.8,22.52,1014.06,5.3,34.3,0.0,0.0,15.61,12.39,0,NORMAL
2026-09-06T04:36:50.454383+00:00,1788669410454,AWS-001,Coastal Marine AWS,22.97,96.1,22.31,1014.1,3.9,35.0,0.0,0.0,15.61,12.41,0,NORMAL
2026-09-06T04:37:50.454383+00:00,1788669470454,AWS-001,Coastal Marine AWS,23.13,97.3,22.68,1014.09,4.9,41.2,0.0,0.0,15.61,12.33,0,NORMAL
2026-09-06T04:38:50.454383+00:00,1788669530454,AWS-001,Coastal Marine AWS,23.0,96.2,22.36,1014.01,3.7,44.9,0.0,0.0,15.61,12.38,0,NORMAL
2026-09-06T04:39:50.454383+00:00,1788669590454,AWS-001,Coastal Marine AWS,22.99,96.7,22.44,1014.08,3.3,43.6,0.0,0.0,15.61,12.39,0,NORMAL
2026-09-06T04:40:50.454383+00:00,1788669650454,AWS-001,Coastal Marine AWS,22.77,97.0,22.27,1014.11,6.4,51.1,0.0,0.0,15.61,12.4,0,NORMAL
2026-09-06T04:41:50.454383+00:00,1788669710454,AWS-001,Coastal Marine AWS,23.0,95.6,22.26,1014.03,3.2,46.9,0.0,0.0,15.61,12.4,0,NORMAL
2026-09-06T04:42:50.454383+00:00,1788669770454,AWS-001,Coastal Marine AWS,23.07,96.3,22.45,1013.96,4.6,48.1,0.0,0.0,15.61,12.39,0,NORMAL
2026-09-06T04:43:50.454383+00:00,1788669830454,AWS-001,Coastal Marine AWS,23.07,96.5,22.48,1014.02,5.5,50.6,0.0,0.0,15.61,12.37,0,NORMAL
2026-09-06T04:44:50.454383+00:00,1788669890454,AWS-001,Coastal Marine AWS,22.99,97.0,22.49,1014.03,5.3,50.6,0.0,0.0,15.61,12.43,0,NORMAL
2026-09-06T04:45:50.454383+00:00,1788669950454,AWS-001,Coastal Marine AWS,23.2,96.8,22.66,1013.97,6.5,54.8,0.0,0.0,15.61,12.42,0,NORMAL
2026-09-06T04:46:50.454383+00:00,1788670010454,AWS-001,Coastal Marine AWS,23.08,96.4,22.47,1013.94,4.0,53.8,0.0,0.0,15.61,12.39,0,NORMAL
2026-09-06T04:47:50.454383+00:00,1788670070454,AWS-001,Coastal Marine AWS,23.06,95.6,22.32,1014.01,5.2,51.5,0.0,0.0,15.61,12.39,0,NORMAL
2026-09-06T04:48:50.454383+00:00,1788670130454,AWS-001,Coastal Marine AWS,23.31,96.0,22.63,1013.98,6.0,53.9,0.0,0.0,15.61,12.39,0,NORMAL
2026-09-06T04:49:50.454383+00:00,1788670190454,AWS-001,Coastal Marine AWS,23.27,97.0,22.77,1013.96,4.7,52.6,0.0,0.0,15.61,12.39,0,NORMAL
2026-09-06T04:50:50.454383+00:00,1788670250454,AWS-001,Coastal Marine AWS,22.92,94.6,22.0,1014.03,4.3,56.8,0.0,0.0,15.61,12.39,0,NORMAL
2026-09-06T04:51:50.454383+00:00,1788670310454,AWS-001,Coastal Marine AWS,23.19,96.0,22.51,1013.95,5.6,53.7,0.0,0.0,15.61,12.39,0,NORMAL
2026-09-06T04:52:50.454383+00:00,1788670370454,AWS-001,Coastal Marine AWS,23.23,96.0,22.55,1014.07,3.5,51.2,0.0,0.0,15.61,12.38,0,NORMAL
2026-09-06T04:53:50.454383+00:00,1788670430454,AWS-001,Coastal Marine AWS,23.18,95.9,22.49,1013.96,5.3,48.0,0.0,0.0,15.61,12.37,0,NORMAL
2026-09-06T04:54:50.454383+00:00,1788670490454,AWS-001,Coastal Marine AWS,23.29,96.0,22.61,1013.94,5.5,56.0,0.0,0.0,15.61,12.39,0,NORMAL
2026-09-06T04:55:50.454383+00:00,1788670550454,AWS-001,Coastal Marine AWS,23.18,95.7,22.45,1013.99,4.7,53.9,0.0,0.0,15.61,12.39,0,NORMAL
2026-09-06T04:56:50.454383+00:00,1788670610454,AWS-001,Coastal Marine AWS,23.41,95.6,22.66,1013.89,6.8,59.3,0.0,0.0,15.61,12.4,0,NORMAL
2026-09-06T04:57:50.454383+00:00,1788670670454,AWS-001,Coastal Marine AWS,23.12,95.4,22.34,1013.93,4.4,62.2,0.0,0.0,15.61,12.4,0,NORMAL
2026-09-06T04:58:50.454383+00:00,1788670730454,AWS-001,Coastal Marine AWS,23.11,95.0,22.26,1013.94,5.4,60.6,0.0,0.0,15.61,12.41,0,NORMAL
2026-09-06T04:59:50.454383+00:00,1788670790454,AWS-001,Coastal Marine AWS,23.55,95.1,22.72,1013.87,4.4,62.4,0.0,0.0,15.61,12.42,0,NORMAL
2026-09-06T05:00:50.454383+00:00,1788670850454,AWS-001,Coastal Marine AWS,23.33,95.1,22.5,1013.92,3.3,60.2,0.0,0.0,15.61,12.4,0,NORMAL
2026-09-06T05:01:50.454383+00:00,1788670910454,AWS-001,Coastal Marine AWS,23.31,95.2,22.5,1013.87,5.0,58.4,0.0,0.0,15.61,12.41,0,NORMAL
2026-09-06T05:02:50.454383+00:00,1788670970454,AWS-001,Coastal Marine AWS,23.33,94.9,22.46,1013.91,3.8,57.0,0.0,0.0,15.61,12.44,0,NORMAL
2026-09-06T05:03:50.454383+00:00,1788671030454,AWS-001,Coastal Marine AWS,23.38,94.8,22.5,1013.86,4.4,56.2,0.0,0.0,15.61,12.41,0,NORMAL
2026-09-06T05:04:50.454383+00:00,1788671090454,AWS-001,Coastal Marine AWS,23.41,95.5,22.65,1013.94,4.7,62.5,0.0,0.0,15.61,12.43,0,NORMAL
2026-09-06T05:05:50.454383+00:00,1788671150454,AWS-001,Coastal Marine AWS,23.36,95.0,22.51,1013.81,5.2,67.0,0.0,0.0,15.61,12.41,0,NORMAL
2026-09-06T05:06:50.454383+00:00,1788671210454,AWS-001,Coastal Marine AWS,23.32,94.6,22.4,1013.82,6.2,66.1,0.0,0.0,15.61,12.41,0,NORMAL
2026-09-06T05:07:50.454383+00:00,1788671270454,AWS-001,Coastal Marine AWS,23.59,94.6,22.67,1013.86,5.6,62.3,0.0,0.0,15.61,12.36,0,NORMAL
2026-09-06T05:08:50.454383+00:00,1788671330454,AWS-001,Coastal Marine AWS,23.49,95.5,22.73,1013.84,5.2,61.0,0.0,0.0,15.61,12.42,0,NORMAL
2026-09-06T05:09:50.454383+00:00,1788671390454,AWS-001,Coastal Marine AWS,23.52,95.7,22.79,1013.74,5.7,64.1,0.0,0.0,15.61,12.4,0,NORMAL
2026-09-06T05:10:50.454383+00:00,1788671450454,AWS-001,Coastal Marine AWS,23.64,95.1,22.81,1013.86,5.8,62.3,0.0,0.0,15.61,12.4,0,NORMAL
2026-09-06T05:11:50.454383+00:00,1788671510454,AWS-001,Coastal Marine AWS,23.81,94.2,22.82,1013.84,4.5,62.1,0.0,0.0,15.61,12.37,0,NORMAL
2026-09-06T05:12:50.454383+00:00,1788671570454,AWS-001,Coastal Marine AWS,23.38,95.1,22.55,1013.72,5.1,63.2,0.0,0.0,15.61,12.42,0,NORMAL
2026-09-06T05:13:50.454383+00:00,1788671630454,AWS-001,Coastal Marine AWS,23.71,94.5,22.77,1013.76,6.7,66.8,0.0,0.0,15.61,12.41,0,NORMAL
2026-09-06T05:14:50.454383+00:00,1788671690454,AWS-001,Coastal Marine AWS,23.46,94.4,22.51,1013.78,8.2,73.9,0.0,0.0,15.61,12.41,0,NORMAL
2026-09-06T05:15:50.454383+00:00,1788671750454,AWS-001,Coastal Marine AWS,23.34,94.0,22.32,1013.8,4.8,82.6,0.0,0.0,15.61,12.41,0,NORMAL
2026-09-06T05:16:50.454383+00:00,1788671810454,AWS-001,Coastal Marine AWS,23.46,94.0,22.44,1013.77,3.9,78.4,0.0,0.0,15.61,12.39,0,NORMAL
2026-09-06T05:17:50.454383+00:00,1788671870454,AWS-001,Coastal Marine AWS,23.39,94.0,22.37,1013.73,5.5,85.4,0.0,0.0,15.61,12.41,0,NORMAL
2026-09-06T05:18:50.454383+00:00,1788671930454,AWS-001,Coastal Marine AWS,23.47,93.4,22.34,1013.77,8.2,87.6,0.0,0.0,15.61,12.38,0,NORMAL
2026-09-06T05:19:50.454383+00:00,1788671990454,AWS-001,Coastal Marine AWS,23.87,94.6,22.95,1013.73,5.2,89.5,0.0,0.0,15.61,12.44,0,NORMAL
2026-09-06T05:20:50.454383+00:00,1788672050454,AWS-001,Coastal Marine AWS,23.87,94.3,22.9,1013.65,5.0,90.6,0.0,0.0,15.61,12.4,0,NORMAL
2026-09-06T05:21:50.454383+00:00,1788672110454,AWS-001,Coastal Marine AWS,23.91,93.9,22.86,1013.68,4.9,91.5,0.0,0.0,15.61,12.41,0,NORMAL
2026-09-06T05:22:50.454383+00:00,1788672170454,AWS-001,Coastal Marine AWS,23.86,94.1,22.85,1013.75,5.0,98.8,0.0,0.0,15.61,12.42,0,NORMAL
2026-09-06T05:23:50.454383+00:00,1788672230454,AWS-001,Coastal Marine AWS,23.68,93.8,22.62,1013.87,4.7,92.2,0.0,0.0,15.61,12.39,0,NORMAL
2026-09-06T05:24:50.454383+00:00,1788672290454,AWS-001,Coastal Marine AWS,23.53,94.3,22.56,1013.66,5.5,94.2,0.0,0.0,15.61,12.37,0,NORMAL
2026-09-06T05:25:50.454383+00:00,1788672350454,AWS-001,Coastal Marine AWS,23.45,94.1,22.44,1013.67,7.0,89.7,0.0,0.0,15.61,12.41,0,NORMAL
2026-09-06T05:26:50.454383+00:00,1788672410454,AWS-001,Coastal Marine AWS,23.73,94.0,22.7,1013.54,4.0,92.0,0.0,0.0,15.61,12.43,0,NORMAL
2026-09-06T05:27:50.454383+00:00,1788672470454,AWS-001,Coastal Marine AWS,23.68,94.0,22.65,1013.59,4.4,93.6,0.0,0.0,15.61,12.45,0,NORMAL
2026-09-06T05:28:50.454383+00:00,1788672530454,AWS-001,Coastal Marine AWS,23.82,93.2,22.65,1013.68,4.6,90.9,0.0,0.0,15.61,12.38,0,NORMAL
2026-09-06T05:29:50.454383+00:00,1788672590454,AWS-001,Coastal Marine AWS,23.95,92.4,22.64,1013.56,4.7,86.6,0.0,0.0,15.61,12.41,0,NORMAL
2026-09-06T05:30:50.454383+00:00,1788672650454,AWS-001,Coastal Marine AWS,23.96,93.8,22.9,1013.58,3.3,82.8,0.0,0.0,15.61,12.41,0,NORMAL
2026-09-06T05:31:50.454383+00:00,1788672710454,AWS-001,Coastal Marine AWS,24.14,93.0,22.93,1013.57,3.8,79.9,0.0,0.0,15.61,12.37,0,NORMAL
2026-09-06T05:32:50.454383+00:00,1788672770454,AWS-001,Coastal Marine AWS,24.02,93.9,22.97,1013.68,4.5,75.7,0.0,0.0,15.61,12.36,0,NORMAL
2026-09-06T05:33:50.454383+00:00,1788672830454,AWS-001,Coastal Marine AWS,23.93,93.4,22.8,1013.62,5.3,76.7,0.0,0.0,15.61,12.42,0,NORMAL
2026-09-06T05:34:50.454383+00:00,1788672890454,AWS-001,Coastal Marine AWS,23.95,93.8,22.89,1013.56,6.0,70.5,0.0,0.0,15.61,12.34,0,NORMAL
2026-09-06T05:35:50.454383+00:00,1788672950454,AWS-001,Coastal Marine AWS,23.81,92.2,22.46,1013.55,3.6,61.2,0.0,0.0,15.61,12.39,0,NORMAL
2026-09-06T05:36:50.454383+00:00,1788673010454,AWS-001,Coastal Marine AWS,23.96,92.4,22.65,1013.61,3.6,62.2,0.0,0.0,15.61,12.35,0,NORMAL
2026-09-06T05:37:50.454383+00:00,1788673070454,AWS-001,Coastal Marine AWS,24.16,92.6,22.88,1013.56,5.1,64.8,0.0,0.0,15.61,12.37,0,NORMAL
2026-09-06T05:38:50.454383+00:00,1788673130454,AWS-001,Coastal Marine AWS,23.88,92.3,22.55,1013.51,5.8,60.0,0.0,0.0,15.61,12.38,0,NORMAL
2026-09-06T05:39:50.454383+00:00,1788673190454,AWS-001,Coastal Marine AWS,24.04,93.1,22.85,1013.45,5.7,64.7,0.0,0.0,15.61,12.44,0,NORMAL
2026-09-06T05:40:50.454383+00:00,1788673250454,AWS-001,Coastal Marine AWS,24.25,91.7,22.81,1013.6,4.2,64.1,0.0,0.0,15.61,12.42,0,NORMAL
2026-09-06T05:41:50.454383+00:00,1788673310454,AWS-001,Coastal Marine AWS,24.07,93.6,22.97,1013.62,4.5,64.0,0.0,0.0,15.61,12.37,0,NORMAL
2026-09-06T05:42:50.454383+00:00,1788673370454,AWS-001,Coastal Marine AWS,24.01,92.8,22.77,1013.55,6.5,62.7,0.0,0.0,15.61,12.38,0,NORMAL
2026-09-06T05:43:50.454383+00:00,1788673430454,AWS-001,Coastal Marine AWS,24.31,92.6,23.03,1013.62,5.1,58.7,0.0,0.0,15.61,12.39,0,NORMAL
2026-09-06T05:44:50.454383+00:00,1788673490454,AWS-001,Coastal Marine AWS,24.4,92.5,23.1,1013.57,4.0,62.2,0.0,0.0,15.61,12.41,0,NORMAL
2026-09-06T05:45:50.454383+00:00,1788673550454,AWS-001,Coastal Marine AWS,24.17,91.6,22.71,1013.49,5.5,65.3,0.0,0.0,15.61,12.4,0,NORMAL
2026-09-06T05:46:50.454383+00:00,1788673610454,AWS-001,Coastal Marine AWS,24.27,92.6,22.99,1013.51,5.5,59.9,0.0,0.0,15.61,12.41,0,NORMAL
2026-09-06T05:47:50.454383+00:00,1788673670454,AWS-001,Coastal Marine AWS,24.36,93.3,23.2,1013.5,3.5,62.5,0.0,0.0,15.61,12.4,0,NORMAL
2026-09-06T05:48:50.454383+00:00,1788673730454,AWS-001,Coastal Marine AWS,24.33,92.3,23.0,1013.51,5.5,59.4,0.0,0.0,15.61,12.41,0,NORMAL
2026-09-06T05:49:50.454383+00:00,1788673790454,AWS-001,Coastal Marine AWS,24.57,92.2,23.22,1013.6,4.6,60.5,0.0,0.0,15.61,12.42,0,NORMAL
2026-09-06T05:50:50.454383+00:00,1788673850454,AWS-001,Coastal Marine AWS,24.24,92.6,22.96,1013.55,4.5,61.6,0.0,0.0,15.61,12.42,0,NORMAL
2026-09-06T05:51:50.454383+00:00,1788673910454,AWS-001,Coastal Marine AWS,24.37,91.4,22.87,1013.52,4.5,60.8,0.0,0.0,15.61,12.41,0,NORMAL
2026-09-06T05:52:50.454383+00:00,1788673970454,AWS-001,Coastal Marine AWS,24.44,93.0,23.23,1013.59,4.8,65.2,0.0,0.0,15.61,12.41,0,NORMAL
2026-09-06T05:53:50.454383+00:00,1788674030454,AWS-001,Coastal Marine AWS,24.4,92.1,23.03,1013.42,5.8,68.3,0.0,0.0,15.61,12.38,0,NORMAL
2026-09-06T05:54:50.454383+00:00,1788674090454,AWS-001,Coastal Marine AWS,24.51,91.8,23.08,1013.46,5.1,65.7,0.0,0.0,15.61,12.43,0,NORMAL
2026-09-06T05:55:50.454383+00:00,1788674150454,AWS-001,Coastal Marine AWS,24.61,92.9,23.38,1013.4,5.0,70.8,0.0,0.0,15.61,12.4,0,NORMAL
2026-09-06T05:56:50.454383+00:00,1788674210454,AWS-001,Coastal Marine AWS,24.39,91.2,22.86,1013.32,5.7,68.4,0.0,0.0,15.61,12.38,0,NORMAL
2026-09-06T05:57:50.454383+00:00,1788674270454,AWS-001,Coastal Marine AWS,24.54,92.7,23.28,1013.4,3.4,72.7,0.0,0.0,15.61,12.38,0,NORMAL
2026-09-06T05:58:50.454383+00:00,1788674330454,AWS-001,Coastal Marine AWS,24.54,91.6,23.08,1013.36,5.5,77.6,0.0,0.0,15.61,12.41,0,NORMAL
2026-09-06T05:59:50.454383+00:00,1788674390454,AWS-001,Coastal Marine AWS,24.48,91.6,23.02,1013.38,4.0,85.7,0.0,0.0,15.61,12.36,0,NORMAL
2026-09-06T06:00:50.454383+00:00,1788674450454,AWS-001,Coastal Marine AWS,24.46,91.3,22.94,1013.42,6.1,91.0,3.8,0.0,15.61,12.43,0,NORMAL
2026-09-06T06:01:50.454383+00:00,1788674510454,AWS-001,Coastal Marine AWS,24.37,91.3,22.86,1013.46,6.4,86.5,0.0,0.0,15.61,12.41,0,NORMAL
2026-09-06T06:02:50.454383+00:00,1788674570454,AWS-001,Coastal Marine AWS,24.64,91.9,23.23,1013.43,5.2,95.2,9.2,0.0,15.61,12.42,0,NORMAL
2026-09-06T06:03:50.454383+00:00,1788674630454,AWS-001,Coastal Marine AWS,24.63,90.6,22.99,1013.28,4.4,91.3,6.0,0.0,15.61,12.4,0,NORMAL
2026-09-06T06:04:50.454383+00:00,1788674690454,AWS-001,Coastal Marine AWS,24.57,90.8,22.96,1013.38,4.3,96.8,0.0,0.0,15.61,12.4,0,NORMAL
2026-09-06T06:05:50.454383+00:00,1788674750454,AWS-001,Coastal Marine AWS,24.58,90.8,22.97,1013.35,6.1,103.4,2.9,0.0,15.61,12.37,0,NORMAL
2026-09-06T06:06:50.454383+00:00,1788674810454,AWS-001,Coastal Marine AWS,24.87,90.5,23.2,1013.38,4.0,105.6,5.3,0.0,15.61,12.41,0,NORMAL
2026-09-06T06:07:50.454383+00:00,1788674870454,AWS-001,Coastal Marine AWS,24.54,90.9,22.95,1013.28,5.4,106.1,14.0,0.0,15.61,12.41,0,NORMAL
2026-09-06T06:08:50.454383+00:00,1788674930454,AWS-001,Coastal Marine AWS,24.82,91.8,23.39,1013.27,5.7,104.6,0.7,0.0,15.61,12.39,0,NORMAL
2026-09-06T06:09:50.454383+00:00,1788674990454,AWS-001,Coastal Marine AWS,24.76,90.1,23.02,1013.35,4.4,105.6,25.6,0.0,15.61,12.4,0,NORMAL
2026-09-06T06:10:50.454383+00:00,1788675050454,AWS-001,Coastal Marine AWS,24.64,89.9,22.87,1013.28,4.8,106.7,40.2,0.0,15.61,12.4,0,NORMAL
2026-09-06T06:11:50.454383+00:00,1788675110454,AWS-001,Coastal Marine AWS,24.79,90.7,23.16,1013.22,5.1,104.7,21.2,0.0,15.61,12.42,0,NORMAL
2026-09-06T06:12:50.454383+00:00,1788675170454,AWS-001,Coastal Marine AWS,24.43,89.8,22.64,1013.24,5.9,107.4,19.0,0.0,15.61,12.38,0,NORMAL
2026-09-06T06:13:50.454383+00:00,1788675230454,AWS-001,Coastal Marine AWS,24.96,90.1,23.22,1013.32,5.8,104.1,36.6,0.0,15.61,12.42,0,NORMAL
2026-09-06T06:14:50.454383+00:00,1788675290454,AWS-001,Coastal Marine AWS,24.9,89.8,23.11,1013.26,5.1,103.5,32.9,0.0,15.61,12.4,0,NORMAL
2026-09-06T06:15:50.454383+00:00,1788675350454,AWS-001,Coastal Marine AWS,25.13,90.1,23.39,1013.17,8.1,107.0,25.8,0.0,15.61,12.42,0,NORMAL
2026-09-06T06:16:50.454383+00:00,1788675410454,AWS-001,Coastal Marine AWS,24.89,90.3,23.19,1013.2,4.4,112.5,32.3,0.0,15.61,12.39,0,NORMAL
2026-09-06T06:17:50.454383+00:00,1788675470454,AWS-001,Coastal Marine AWS,25.05,89.3,23.16,1013.28,4.7,114.0,31.8,0.0,15.61,12.39,0,NORMAL
2026-09-06T06:18:50.454383+00:00,1788675530454,AWS-001,Coastal Marine AWS,25.13,89.3,23.24,1013.19,4.8,112.2,48.5,0.0,15.61,12.37,0,NORMAL
2026-09-06T06:19:50.454383+00:00,1788675590454,AWS-001,Coastal Marine AWS,25.05,89.4,23.18,1013.13,4.4,112.3,45.7,0.0,15.61,12.37,0,NORMAL
2026-09-06T06:20:50.454383+00:00,1788675650454,AWS-001,Coastal Marine AWS,25.17,89.3,23.28,1013.18,4.1,105.2,36.4,0.0,15.61,12.37,0,NORMAL
2026-09-06T06:21:50.454383+00:00,1788675710454,AWS-001,Coastal Marine AWS,25.21,89.2,23.3,1013.23,5.7,104.4,52.9,0.0,15.61,13.63,0,NORMAL
2026-09-06T06:22:50.454383+00:00,1788675770454,AWS-001,Coastal Marine AWS,25.21,89.2,23.3,1013.15,5.3,103.7,54.4,0.0,15.61,13.65,0,NORMAL
2026-09-06T06:23:50.454383+00:00,1788675830454,AWS-001,Coastal Marine AWS,25.33,88.7,23.32,1013.09,3.7,108.4,54.7,0.0,15.61,13.64,0,NORMAL
2026-09-06T06:24:50.454383+00:00,1788675890454,AWS-001,Coastal Marine AWS,25.34,89.8,23.54,1013.04,6.1,108.0,68.6,0.0,15.61,13.61,0,NORMAL
2026-09-06T06:25:50.454383+00:00,1788675950454,AWS-001,Coastal Marine AWS,25.21,88.6,23.19,1013.08,5.2,112.4,58.6,0.0,15.61,13.66,0,NORMAL
2026-09-06T06:26:50.454383+00:00,1788676010454,AWS-001,Coastal Marine AWS,25.35,88.5,23.31,1013.03,6.9,120.6,70.0,0.0,15.61,13.66,0,NORMAL
2026-09-06T06:27:50.454383+00:00,1788676070454,AWS-001,Coastal Marine AWS,25.29,89.0,23.34,1013.11,4.9,121.0,77.9,0.0,15.61,13.61,0,NORMAL
2026-09-06T06:28:50.454383+00:00,1788676130454,AWS-001,Coastal Marine AWS,25.32,99.5,25.24,1013.09,5.9,121.6,65.5,21.19,15.96,13.62,0,NORMAL
2026-09-06T06:29:50.454383+00:00,1788676190454,AWS-001,Coastal Marine AWS,25.51,99.5,25.43,1013.03,6.2,122.0,60.4,21.38,16.32,13.69,0,NORMAL
2026-09-06T06:30:50.454383+00:00,1788676250454,AWS-001,Coastal Marine AWS,25.41,99.5,25.33,1013.04,5.2,124.7,85.2,20.76,16.67,13.67,0,NORMAL
2026-09-06T06:31:50.454383+00:00,1788676310454,AWS-001,Coastal Marine AWS,25.59,99.3,25.47,1013.03,4.8,126.0,75.5,20.32,17.03,13.65,0,NORMAL
2026-09-06T06:32:50.454383+00:00,1788676370454,AWS-001,Coastal Marine AWS,25.34,99.5,25.26,1012.99,4.5,130.3,80.4,20.5,17.38,13.66,0,NORMAL
2026-09-06T06:33:50.454383+00:00,1788676430454,AWS-001,Coastal Marine AWS,25.57,99.5,25.49,1012.94,5.4,126.0,103.1,21.38,17.74,13.67,0,NORMAL
2026-09-06T06:34:50.454383+00:00,1788676490454,AWS-001,Coastal Marine AWS,25.47,99.5,25.39,1013.05,5.4,124.5,85.3,22.18,18.09,13.68,0,NORMAL
2026-09-06T06:35:50.454383+00:00,1788676550454,AWS-001,Coastal Marine AWS,25.55,99.5,25.47,1012.99,6.5,121.6,99.8,20.21,18.45,13.69,0,NORMAL
2026-09-06T06:36:50.454383+00:00,1788676610454,AWS-001,Coastal Marine AWS,25.72,98.7,25.5,1012.96,4.2,126.6,92.3,21.47,18.81,13.65,0,NORMAL
2026-09-06T06:37:50.454383+00:00,1788676670454,AWS-001,Coastal Marine AWS,25.64,99.5,25.56,1013.02,5.4,127.4,59.3,20.79,19.16,13.62,0,NORMAL
2026-09-06T06:38:50.454383+00:00,1788676730454,AWS-001,Coastal Marine AWS,25.49,98.9,25.3,1013.01,4.6,122.3,122.6,21.53,19.52,13.71,0,NORMAL
2026-09-06T06:39:50.454383+00:00,1788676790454,AWS-001,Coastal Marine AWS,25.77,98.4,25.5,1012.96,4.5,124.3,119.4,21.25,19.87,13.73,0,NORMAL
2026-09-06T06:40:50.454383+00:00,1788676850454,AWS-001,Coastal Marine AWS,25.64,99.1,25.49,1012.91,6.9,124.9,121.7,21.86,20.23,13.67,0,NORMAL
2026-09-06T06:41:50.454383+00:00,1788676910454,AWS-001,Coastal Marine AWS,25.72,99.2,25.58,1012.9,4.5,123.0,112.1,20.69,20.58,13.66,0,NORMAL
2026-09-06T06:42:50.454383+00:00,1788676970454,AWS-001,Coastal Marine AWS,25.75,99.5,25.67,1012.9,4.5,125.9,87.7,22.06,20.94,13.67,0,NORMAL
2026-09-06T06:43:50.454383+00:00,1788677030454,AWS-001,Coastal Marine AWS,26.06,99.1,25.91,1012.84,7.1,130.2,132.1,21.15,21.29,13.67,0,NORMAL
2026-09-06T06:44:50.454383+00:00,1788677090454,AWS-001,Coastal Marine AWS,25.72,86.9,23.37,1012.92,6.5,130.1,126.9,0.0,21.29,13.67,0,NORMAL
2026-09-06T06:45:50.454383+00:00,1788677150454,AWS-001,Coastal Marine AWS,25.89,87.4,23.63,1012.82,5.3,131.7,126.2,0.0,21.29,13.67,0,NORMAL
2026-09-06T06:46:50.454383+00:00,1788677210454,AWS-001,Coastal Marine AWS,25.9,86.9,23.54,1012.79,5.5,130.8,88.7,0.0,21.29,13.66,0,NORMAL
2026-09-06T06:47:50.454383+00:00,1788677270454,AWS-001,Coastal Marine AWS,26.05,85.6,23.44,1012.76,5.9,135.8,148.1,0.0,21.29,13.73,0,NORMAL
2026-09-06T06:48:50.454383+00:00,1788677330454,AWS-001,Coastal Marine AWS,25.83,86.3,23.36,1012.88,4.7,139.6,144.8,0.0,21.29,13.7,0,NORMAL
2026-09-06T06:49:50.454383+00:00,1788677390454,AWS-001,Coastal Marine AWS,26.01,86.2,23.52,1012.79,5.9,138.5,147.4,0.0,21.29,13.7,0,NORMAL
2026-09-06T06:50:50.454383+00:00,1788677450454,AWS-001,Coastal Marine AWS,25.76,86.4,23.31,1012.8,7.3,137.4,160.4,0.0,21.29,13.71,0,NORMAL
2026-09-06T06:51:50.454383+00:00,1788677510454,AWS-001,Coastal Marine AWS,25.94,86.6,23.53,1012.75,5.8,138.6,136.9,0.0,21.29,13.67,0,NORMAL
2026-09-06T06:52:50.454383+00:00,1788677570454,AWS-001,Coastal Marine AWS,25.87,85.2,23.19,1012.72,5.4,143.7,145.4,0.0,21.29,13.7,0,NORMAL
2026-09-06T06:53:50.454383+00:00,1788677630454,AWS-001,Coastal Marine AWS,25.86,87.2,23.56,1012.79,4.7,144.3,107.7,0.0,21.29,13.72,0,NORMAL
2026-09-06T06:54:50.454383+00:00,1788677690454,AWS-001,Coastal Marine AWS,26.15,85.4,23.5,1012.78,6.2,143.9,132.7,0.0,21.29,13.68,0,NORMAL
2026-09-06T06:55:50.454383+00:00,1788677750454,AWS-001,Coastal Marine AWS,26.13,85.7,23.54,1012.77,6.0,141.4,179.6,0.0,21.29,13.71,0,NORMAL
2026-09-06T06:56:50.454383+00:00,1788677810454,AWS-001,Coastal Marine AWS,26.41,85.9,23.85,1012.75,5.2,143.0,135.3,0.0,21.29,13.71,0,NORMAL
2026-09-06T06:57:50.454383+00:00,1788677870454,AWS-001,Coastal Marine AWS,26.42,85.5,23.78,1012.76,7.0,144.5,163.0,0.0,21.29,13.73,0,NORMAL
2026-09-06T06:58:50.454383+00:00,1788677930454,AWS-001,Coastal Marine AWS,26.41,84.7,23.62,1012.7,7.5,147.9,177.6,0.0,21.29,13.74,0,NORMAL
2026-09-06T06:59:50.454383+00:00,1788677990454,AWS-001,Coastal Marine AWS,25.99,85.4,23.34,1012.7,4.6,145.3,158.9,0.0,21.29,13.73,0,NORMAL
2026-09-06T07:00:50.454383+00:00,1788678050454,AWS-001,Coastal Marine AWS,26.09,84.8,23.32,1012.76,4.8,144.7,177.1,0.0,21.29,13.69,0,NORMAL
2026-09-06T07:01:50.454383+00:00,1788678110454,AWS-001,Coastal Marine AWS,26.13,85.5,23.5,1012.71,5.6,146.1,173.9,0.0,21.29,13.72,0,NORMAL
2026-09-06T07:02:50.454383+00:00,1788678170454,AWS-001,Coastal Marine AWS,26.4,84.9,23.65,1012.73,5.7,144.8,152.0,0.0,21.29,13.68,0,NORMAL
2026-09-06T07:03:50.454383+00:00,1788678230454,AWS-001,Coastal Marine AWS,26.32,84.2,23.43,1012.73,5.3,146.4,200.3,0.0,21.29,13.77,0,NORMAL
2026-09-06T07:04:50.454383+00:00,1788678290454,AWS-001,Coastal Marine AWS,26.13,84.6,23.32,1012.62,6.3,149.0,182.0,0.0,21.29,13.74,0,NORMAL
2026-09-06T07:05:50.454383+00:00,1788678350454,AWS-001,Coastal Marine AWS,26.41,85.0,23.68,1012.65,4.8,149.6,182.6,0.0,21.29,13.71,0,NORMAL
2026-09-06T07:06:50.454383+00:00,1788678410454,AWS-001,Coastal Marine AWS,26.27,84.2,23.38,1012.67,4.1,151.4,169.5,0.0,21.29,13.71,0,NORMAL
2026-09-06T07:07:50.454383+00:00,1788678470454,AWS-001,Coastal Marine AWS,26.47,84.4,23.62,1012.67,5.6,143.6,219.7,0.0,21.29,13.78,0,NORMAL
2026-09-06T07:08:50.454383+00:00,1788678530454,AWS-001,Coastal Marine AWS,26.46,83.6,23.45,1012.63,5.4,143.2,169.4,0.0,21.29,13.67,0,NORMAL
2026-09-06T07:09:50.454383+00:00,1788678590454,AWS-001,Coastal Marine AWS,26.77,83.9,23.81,1012.63,5.0,138.6,230.3,0.0,21.29,13.78,0,NORMAL
2026-09-06T07:10:50.454383+00:00,1788678650454,AWS-001,Coastal Marine AWS,26.52,83.1,23.41,1012.6,5.2,139.2,194.1,0.0,21.29,13.71,0,NORMAL
2026-09-06T07:11:50.454383+00:00,1788678710454,AWS-001,Coastal Marine AWS,26.66,83.9,23.7,1012.58,6.3,137.8,185.9,0.0,21.29,13.75,0,NORMAL
2026-09-06T07:12:50.454383+00:00,1788678770454,AWS-001,Coastal Marine AWS,26.59,83.6,23.58,1012.64,5.1,130.1,226.2,0.0,21.29,13.78,0,NORMAL
2026-09-06T07:13:50.454383+00:00,1788678830454,AWS-001,Coastal Marine AWS,26.96,83.8,23.98,1012.61,4.2,127.6,233.8,0.0,21.29,13.75,0,NORMAL
2026-09-06T07:14:50.454383+00:00,1788678890454,AWS-001,Coastal Marine AWS,26.86,83.5,23.82,1012.56,5.5,124.1,236.0,0.0,21.29,13.74,0,NORMAL
2026-09-06T07:15:50.454383+00:00,1788678950454,AWS-001,Coastal Marine AWS,26.83,84.0,23.89,1012.61,5.1,121.5,216.6,0.0,21.29,13.8,0,NORMAL
2026-09-06T07:16:50.454383+00:00,1788679010454,AWS-001,Coastal Marine AWS,26.79,83.2,23.69,1012.62,5.7,124.5,207.2,0.0,21.29,13.73,0,NORMAL
2026-09-06T07:17:50.454383+00:00,1788679070454,AWS-001,Coastal Marine AWS,26.66,83.0,23.53,1012.45,7.5,124.0,230.5,0.0,21.29,13.79,0,NORMAL
2026-09-06T07:18:50.454383+00:00,1788679130454,AWS-001,Coastal Marine AWS,27.0,82.5,23.76,1012.49,5.8,125.6,260.5,0.0,21.29,13.79,0,NORMAL
2026-09-06T07:19:50.454383+00:00,1788679190454,AWS-001,Coastal Marine AWS,26.73,83.0,23.59,1012.5,5.4,126.2,214.1,0.0,21.29,13.73,0,NORMAL
2026-09-06T07:20:50.454383+00:00,1788679250454,AWS-001,Coastal Marine AWS,27.04,81.2,23.53,1012.52,7.5,130.9,245.6,0.0,21.29,13.76,0,NORMAL
2026-09-06T07:21:50.454383+00:00,1788679310454,AWS-001,Coastal Marine AWS,26.93,82.7,23.73,1012.48,6.5,136.3,226.3,0.0,21.29,13.75,0,NORMAL
2026-09-06T07:22:50.454383+00:00,1788679370454,AWS-001,Coastal Marine AWS,26.96,82.0,23.62,1012.55,6.4,130.6,260.7,0.0,21.29,13.79,0,NORMAL
2026-09-06T07:23:50.454383+00:00,1788679430454,AWS-001,Coastal Marine AWS,26.88,82.1,23.56,1012.47,5.1,125.3,239.6,0.0,21.29,13.79,0,NORMAL
2026-09-06T07:24:50.454383+00:00,1788679490454,AWS-001,Coastal Marine AWS,26.89,82.9,23.73,1012.57,4.9,126.2,169.3,0.0,21.29,13.71,0,NORMAL
2026-09-06T07:25:50.454383+00:00,1788679550454,AWS-001,Coastal Marine AWS,27.05,83.4,23.99,1012.46,6.8,128.0,155.9,0.0,21.29,13.68,0,NORMAL
2026-09-06T07:26:50.454383+00:00,1788679610454,AWS-001,Coastal Marine AWS,26.97,81.6,23.55,1012.61,5.2,126.2,275.9,0.0,21.29,13.77,0,NORMAL
2026-09-06T07:27:50.454383+00:00,1788679670454,AWS-001,Coastal Marine AWS,27.02,80.8,23.43,1012.45,5.1,129.1,250.4,0.0,21.29,13.76,0,NORMAL
2026-09-06T07:28:50.454383+00:00,1788679730454,AWS-001,Coastal Marine AWS,27.17,82.2,23.86,1012.4,4.9,129.4,262.8,0.0,21.29,13.75,0,NORMAL
2026-09-06T07:29:50.454383+00:00,1788679790454,AWS-001,Coastal Marine AWS,27.21,81.3,23.72,1012.47,6.7,134.6,304.2,0.0,21.29,13.8,0,NORMAL
2026-09-06T07:30:50.454383+00:00,1788679850454,AWS-001,Coastal Marine AWS,27.22,80.7,23.6,1012.52,5.6,133.7,300.8,0.0,21.29,13.82,0,NORMAL
2026-09-06T07:31:50.454383+00:00,1788679910454,AWS-001,Coastal Marine AWS,27.07,80.8,23.48,1012.35,5.3,136.7,260.2,0.0,21.29,13.78,0,NORMAL
2026-09-06T07:32:50.454383+00:00,1788679970454,AWS-001,Coastal Marine AWS,27.4,82.0,24.05,1012.42,6.1,136.2,212.1,0.0,21.29,13.74,0,NORMAL
2026-09-06T07:33:50.454383+00:00,1788680030454,AWS-001,Coastal Marine AWS,27.31,81.4,23.84,1012.36,5.6,137.9,306.1,0.0,21.29,13.82,0,NORMAL
2026-09-06T07:34:50.454383+00:00,1788680090454,AWS-001,Coastal Marine AWS,27.79,80.3,24.08,1012.44,5.9,139.8,321.8,0.0,21.29,13.82,0,NORMAL
2026-09-06T07:35:50.454383+00:00,1788680150454,AWS-001,Coastal Marine AWS,27.48,80.5,23.82,1012.34,8.3,142.6,290.3,0.0,21.29,13.81,0,NORMAL
2026-09-06T07:36:50.454383+00:00,1788680210454,AWS-001,Coastal Marine AWS,27.32,81.5,23.87,1012.38,5.9,138.7,252.2,0.0,21.29,13.8,0,NORMAL
2026-09-06T07:37:50.454383+00:00,1788680270454,AWS-001,Coastal Marine AWS,27.48,80.4,23.79,1012.35,4.1,142.9,253.8,0.0,21.29,13.79,0,NORMAL
2026-09-06T07:38:50.454383+00:00,1788680330454,AWS-001,Coastal Marine AWS,27.29,79.7,23.46,1012.34,6.9,143.1,343.7,0.0,21.29,13.84,0,NORMAL
2026-09-06T07:39:50.454383+00:00,1788680390454,AWS-001,Coastal Marine AWS,27.76,80.2,24.03,1012.26,5.3,146.2,290.1,0.0,21.29,13.81,0,NORMAL
2026-09-06T07:40:50.454383+00:00,1788680450454,AWS-001,Coastal Marine AWS,27.62,80.6,23.97,1012.42,7.0,146.0,348.4,0.0,21.29,13.84,0,NORMAL
2026-09-06T07:41:50.454383+00:00,1788680510454,AWS-001,Coastal Marine AWS,27.69,80.0,23.92,1012.35,6.5,147.3,341.6,0.0,21.29,13.82,0,NORMAL
2026-09-06T07:42:50.454383+00:00,1788680570454,AWS-001,Coastal Marine AWS,27.73,79.2,23.79,1012.41,6.0,137.3,295.7,0.0,21.29,13.78,0,NORMAL
2026-09-06T07:43:50.454383+00:00,1788680630454,AWS-001,Coastal Marine AWS,27.85,79.5,23.97,1012.35,5.1,142.4,337.2,0.0,21.29,13.82,0,NORMAL
2026-09-06T07:44:50.454383+00:00,1788680690454,AWS-001,Coastal Marine AWS,27.71,80.1,23.96,1012.37,7.9,145.7,292.7,0.0,21.29,13.8,0,NORMAL
2026-09-06T07:45:50.454383+00:00,1788680750454,AWS-001,Coastal Marine AWS,27.85,80.8,24.24,1012.25,5.3,146.2,295.9,0.0,21.29,13.8,0,NORMAL
2026-09-06T07:46:50.454383+00:00,1788680810454,AWS-001,Coastal Marine AWS,27.76,79.2,23.82,1012.28,6.4,151.1,348.2,0.0,21.29,13.86,0,NORMAL
2026-09-06T07:47:50.454383+00:00,1788680870454,AWS-001,Coastal Marine AWS,27.76,78.3,23.63,1012.34,5.6,151.9,341.8,0.0,21.29,13.83,0,NORMAL
2026-09-06T07:48:50.454383+00:00,1788680930454,AWS-001,Coastal Marine AWS,27.8,79.4,23.9,1012.23,7.2,147.4,365.4,0.0,21.29,13.85,0,NORMAL
2026-09-06T07:49:50.454383+00:00,1788680990454,AWS-001,Coastal Marine AWS,27.95,79.2,24.0,1012.29,6.5,145.6,340.8,0.0,21.29,13.84,0,NORMAL
2026-09-06T07:50:50.454383+00:00,1788681050454,AWS-001,Coastal Marine AWS,27.93,79.9,24.13,1012.2,7.2,149.5,317.2,0.0,21.29,13.82,0,NORMAL
2026-09-06T07:51:50.454383+00:00,1788681110454,AWS-001,Coastal Marine AWS,27.92,79.6,24.06,1012.3,6.6,141.9,285.2,0.0,21.29,13.8,0,NORMAL
2026-09-06T07:52:50.454383+00:00,1788681170454,AWS-001,Coastal Marine AWS,27.96,79.0,23.97,1012.23,6.5,145.5,283.5,0.0,21.29,13.78,0,NORMAL
2026-09-06T07:53:50.454383+00:00,1788681230454,AWS-001,Coastal Marine AWS,28.01,78.5,23.91,1012.23,5.9,146.5,382.7,0.0,21.29,13.87,0,NORMAL
2026-09-06T07:54:50.454383+00:00,1788681290454,AWS-001,Coastal Marine AWS,28.25,78.1,24.06,1012.24,5.2,153.7,394.7,0.0,21.29,13.82,0,NORMAL
2026-09-06T07:55:50.454383+00:00,1788681350454,AWS-001,Coastal Marine AWS,27.96,79.3,24.03,1012.28,6.0,156.6,255.3,0.0,21.29,13.77,0,NORMAL
2026-09-06T07:56:50.454383+00:00,1788681410454,AWS-001,Coastal Marine AWS,28.27,78.6,24.18,1012.27,6.6,165.6,398.8,0.0,21.29,13.84,0,NORMAL
2026-09-06T07:57:50.454383+00:00,1788681470454,AWS-001,Coastal Marine AWS,28.42,78.2,24.24,1012.3,7.6,164.2,417.3,0.0,21.29,13.85,0,NORMAL
2026-09-06T07:58:50.454383+00:00,1788681530454,AWS-001,Coastal Marine AWS,28.04,77.6,23.75,1012.23,5.8,167.1,415.0,0.0,21.29,13.88,0,NORMAL
2026-09-06T07:59:50.454383+00:00,1788681590454,AWS-001,Coastal Marine AWS,27.84,77.7,23.58,1012.17,7.4,170.2,305.1,0.0,21.29,13.84,0,NORMAL
2026-09-06T08:00:50.454383+00:00,1788681650454,AWS-001,Coastal Marine AWS,28.17,78.1,23.98,1012.16,4.9,168.1,343.0,0.0,21.29,13.84,0,NORMAL
2026-09-06T08:01:50.454383+00:00,1788681710454,AWS-001,Coastal Marine AWS,28.31,76.9,23.86,1012.06,4.6,159.8,391.7,0.0,21.29,13.86,0,NORMAL
2026-09-06T08:02:50.454383+00:00,1788681770454,AWS-001,Coastal Marine AWS,28.07,78.9,24.05,1012.12,5.3,164.6,316.2,0.0,21.29,13.84,0,NORMAL
2026-09-06T08:03:50.454383+00:00,1788681830454,AWS-001,Coastal Marine AWS,28.53,77.1,24.11,1012.09,5.4,161.4,428.4,0.0,21.29,13.92,0,NORMAL
2026-09-06T08:04:50.454383+00:00,1788681890454,AWS-001,Coastal Marine AWS,28.54,76.7,24.04,1012.12,5.6,153.5,431.4,0.0,21.29,13.91,0,NORMAL
2026-09-06T08:05:50.454383+00:00,1788681950454,AWS-001,Coastal Marine AWS,28.44,77.1,24.03,1012.26,5.5,146.8,392.5,0.0,21.29,13.88,0,NORMAL
2026-09-06T08:06:50.454383+00:00,1788682010454,AWS-001,Coastal Marine AWS,28.26,77.6,23.96,1012.13,5.4,144.3,444.3,0.0,21.29,13.92,0,NORMAL
2026-09-06T08:07:50.454383+00:00,1788682070454,AWS-001,Coastal Marine AWS,28.11,78.8,24.07,1012.0,7.2,137.7,332.7,0.0,21.29,13.83,0,NORMAL
2026-09-06T08:08:50.454383+00:00,1788682130454,AWS-001,Coastal Marine AWS,28.62,76.4,24.05,1012.15,6.6,136.7,352.7,0.0,21.29,13.83,0,NORMAL
2026-09-06T08:09:50.454383+00:00,1788682190454,AWS-001,Coastal Marine AWS,28.03,77.1,23.63,1012.15,6.4,141.8,310.6,0.0,21.29,13.81,0,NORMAL
2026-09-06T08:10:50.454383+00:00,1788682250454,AWS-001,Coastal Marine AWS,28.69,76.0,24.03,1012.1,7.3,140.0,458.0,0.0,21.29,13.93,0,NORMAL
2026-09-06T08:11:50.454383+00:00,1788682310454,AWS-001,Coastal Marine AWS,28.79,76.0,24.13,1012.13,6.5,136.3,401.6,0.0,21.29,13.86,0,NORMAL
2026-09-06T08:12:50.454383+00:00,1788682370454,AWS-001,Coastal Marine AWS,28.73,75.6,23.98,1012.06,8.1,133.2,416.1,0.0,21.29,13.85,0,NORMAL
2026-09-06T08:13:50.454383+00:00,1788682430454,AWS-001,Coastal Marine AWS,28.52,76.3,23.93,1012.14,9.3,134.0,401.4,0.0,21.29,13.93,0,NORMAL
2026-09-06T08:14:50.454383+00:00,1788682490454,AWS-001,Coastal Marine AWS,28.65,76.5,24.1,1012.02,5.7,137.4,386.5,0.0,21.29,13.88,0,NORMAL
2026-09-06T08:15:50.454383+00:00,1788682550454,AWS-001,Coastal Marine AWS,29.06,75.5,24.28,1012.05,7.1,138.1,453.6,0.0,21.29,13.9,0,NORMAL
2026-09-06T08:16:50.454383+00:00,1788682610454,AWS-001,Coastal Marine AWS,28.71,75.6,23.96,1012.09,7.1,139.9,473.7,0.0,21.29,13.97,0,NORMAL
2026-09-06T08:17:50.454383+00:00,1788682670454,AWS-001,Coastal Marine AWS,28.96,75.1,24.09,1012.09,5.2,139.7,417.7,0.0,21.29,13.88,0,NORMAL
2026-09-06T08:18:50.454383+00:00,1788682730454,AWS-001,Coastal Marine AWS,28.78,76.1,24.14,1012.06,6.5,138.0,443.9,0.0,21.29,13.93,0,NORMAL
2026-09-06T08:19:50.454383+00:00,1788682790454,AWS-001,Coastal Marine AWS,28.72,75.7,23.99,1012.04,5.5,134.6,405.1,0.0,21.29,13.87,0,NORMAL
2026-09-06T08:20:50.454383+00:00,1788682850454,AWS-001,Coastal Marine AWS,28.88,75.4,24.08,1012.0,6.1,138.4,401.3,0.0,21.29,13.92,0,NORMAL
2026-09-06T08:21:50.454383+00:00,1788682910454,AWS-001,Coastal Marine AWS,29.0,74.6,24.02,1012.07,6.2,138.9,435.8,0.0,21.29,13.92,0,NORMAL
2026-09-06T08:22:50.454383+00:00,1788682970454,AWS-001,Coastal Marine AWS,28.78,75.1,23.92,1012.09,4.7,136.4,368.7,0.0,21.29,13.88,0,NORMAL
2026-09-06T08:23:50.454383+00:00,1788683030454,AWS-001,Coastal Marine AWS,28.82,76.0,24.15,1012.18,7.5,138.3,407.9,0.0,21.29,13.91,0,NORMAL
2026-09-06T08:24:50.454383+00:00,1788683090454,AWS-001,Coastal Marine AWS,29.1,74.4,24.07,1011.94,6.9,140.8,522.1,0.0,21.29,13.97,0,NORMAL
2026-09-06T08:25:50.454383+00:00,1788683150454,AWS-001,Coastal Marine AWS,29.14,73.7,23.95,1011.98,8.3,142.8,509.7,0.0,21.29,13.99,0,NORMAL
2026-09-06T08:26:50.454383+00:00,1788683210454,AWS-001,Coastal Marine AWS,28.95,74.1,23.86,1011.92,7.0,137.7,441.0,0.0,21.29,13.9,0,NORMAL
2026-09-06T08:27:50.454383+00:00,1788683270454,AWS-001,Coastal Marine AWS,29.18,73.6,23.97,1012.05,7.0,138.9,519.7,0.0,21.29,13.98,0,NORMAL
2026-09-06T08:28:50.454383+00:00,1788683330454,AWS-001,Coastal Marine AWS,29.16,74.3,24.1,1011.98,6.6,132.2,420.8,0.0,21.29,13.88,0,NORMAL
2026-09-06T08:29:50.454383+00:00,1788683390454,AWS-001,Coastal Marine AWS,29.16,74.4,24.13,1012.07,5.3,134.6,447.9,0.0,21.29,13.9,0,NORMAL
2026-09-06T08:30:50.454383+00:00,1788683450454,AWS-001,Coastal Marine AWS,29.46,74.1,24.35,1012.13,5.6,130.6,492.4,0.0,21.29,13.94,0,NORMAL
2026-09-06T08:31:50.454383+00:00,1788683510454,AWS-001,Coastal Marine AWS,29.46,74.3,24.39,1012.08,7.9,133.2,515.3,0.0,21.29,13.92,0,NORMAL
2026-09-06T08:32:50.454383+00:00,1788683570454,AWS-001,Coastal Marine AWS,29.34,73.6,24.12,1011.95,5.7,131.9,520.1,0.0,21.29,13.97,0,NORMAL
2026-09-06T08:33:50.454383+00:00,1788683630454,AWS-001,Coastal Marine AWS,29.52,72.7,24.09,1012.06,6.2,137.7,517.6,0.0,21.29,13.97,0,NORMAL
2026-09-06T08:34:50.454383+00:00,1788683690454,AWS-001,Coastal Marine AWS,29.33,73.1,24.0,1012.02,8.7,138.7,503.5,0.0,21.29,13.96,0,NORMAL
2026-09-06T08:35:50.454383+00:00,1788683750454,AWS-001,Coastal Marine AWS,29.56,73.2,24.24,1011.9,7.1,141.2,434.4,0.0,21.29,13.92,0,NORMAL
2026-09-06T08:36:50.454383+00:00,1788683810454,AWS-001,Coastal Marine AWS,29.29,73.1,23.96,1011.98,7.8,148.2,548.2,0.0,21.29,14.0,0,NORMAL
2026-09-06T08:37:50.454383+00:00,1788683870454,AWS-001,Coastal Marine AWS,29.41,73.3,24.12,1011.98,7.5,144.1,484.2,0.0,21.29,13.93,0,NORMAL
2026-09-06T08:38:50.454383+00:00,1788683930454,AWS-001,Coastal Marine AWS,29.09,73.2,23.79,1012.04,5.4,141.8,384.6,0.0,21.29,13.88,0,NORMAL
2026-09-06T08:39:50.454383+00:00,1788683990454,AWS-001,Coastal Marine AWS,29.59,72.6,24.13,1011.98,8.4,152.8,559.0,0.0,21.29,13.98,0,NORMAL
2026-09-06T08:40:50.454383+00:00,1788684050454,AWS-001,Coastal Marine AWS,29.47,73.2,24.15,1011.92,5.5,150.7,496.4,0.0,21.29,13.96,0,NORMAL
2026-09-06T08:41:50.454383+00:00,1788684110454,AWS-001,Coastal Marine AWS,29.39,74.4,24.35,1012.07,7.2,149.0,405.7,0.0,21.29,13.87,0,NORMAL
2026-09-06T08:42:50.454383+00:00,1788684170454,AWS-001,Coastal Marine AWS,29.64,72.9,24.25,1011.97,6.2,151.0,453.0,0.0,21.29,13.89,0,NORMAL
2026-09-06T08:43:50.454383+00:00,1788684230454,AWS-001,Coastal Marine AWS,29.59,72.0,23.99,1011.97,6.5,151.7,519.2,0.0,21.29,13.95,0,NORMAL
2026-09-06T08:44:50.454383+00:00,1788684290454,AWS-001,Coastal Marine AWS,29.82,72.0,24.21,1011.97,5.5,154.0,495.8,0.0,21.29,13.92,0,NORMAL
2026-09-06T08:45:50.454383+00:00,1788684350454,AWS-001,Coastal Marine AWS,29.77,71.1,23.96,1012.07,7.9,156.8,545.5,0.0,21.29,14.01,0,NORMAL
2026-09-06T08:46:50.454383+00:00,1788684410454,AWS-001,Coastal Marine AWS,29.73,72.6,24.27,1011.94,7.9,160.8,559.5,0.0,21.29,13.98,0,NORMAL
2026-09-06T08:47:50.454383+00:00,1788684470454,AWS-001,Coastal Marine AWS,29.84,72.1,24.26,1012.0,6.7,160.1,448.7,0.0,21.29,13.92,0,NORMAL
2026-09-06T08:48:50.454383+00:00,1788684530454,AWS-001,Coastal Marine AWS,29.63,73.2,24.31,1012.14,4.7,162.7,408.8,0.0,21.29,13.84,0,NORMAL
2026-09-06T08:49:50.454383+00:00,1788684590454,AWS-001,Coastal Marine AWS,30.09,71.1,24.26,1012.01,6.2,164.7,596.4,0.0,21.29,14.03,0,NORMAL
2026-09-06T08:50:50.454383+00:00,1788684650454,AWS-001,Coastal Marine AWS,29.71,72.5,24.22,1012.03,5.4,163.8,436.2,0.0,21.29,13.88,0,NORMAL
2026-09-06T08:51:50.454383+00:00,1788684710454,AWS-001,Coastal Marine AWS,30.15,71.7,24.46,1011.99,7.6,168.6,568.2,0.0,21.29,13.98,0,NORMAL
2026-09-06T08:52:50.454383+00:00,1788684770454,AWS-001,Coastal Marine AWS,29.82,71.7,24.14,1011.96,7.4,165.8,465.0,0.0,21.29,13.93,0,NORMAL
2026-09-06T08:53:50.454383+00:00,1788684830454,AWS-001,Coastal Marine AWS,29.93,71.8,24.27,1012.02,5.8,172.3,497.6,0.0,21.29,13.93,0,NORMAL
2026-09-06T08:54:50.454383+00:00,1788684890454,AWS-001,Coastal Marine AWS,30.05,72.1,24.46,1011.95,5.6,170.3,544.1,0.0,21.29,13.99,0,NORMAL
2026-09-06T08:55:50.454383+00:00,1788684950454,AWS-001,Coastal Marine AWS,29.98,70.4,23.99,1011.97,7.9,171.4,603.3,0.0,21.29,13.99,0,NORMAL
2026-09-06T08:56:50.454383+00:00,1788685010454,AWS-001,Coastal Marine AWS,29.78,72.8,24.36,1012.02,4.9,171.1,453.6,0.0,21.29,13.92,0,NORMAL
2026-09-06T08:57:50.454383+00:00,1788685070454,AWS-001,Coastal Marine AWS,30.2,70.2,24.15,1012.03,6.5,163.8,539.6,0.0,21.29,13.98,0,NORMAL
2026-09-06T08:58:50.454383+00:00,1788685130454,AWS-001,Coastal Marine AWS,30.4,70.6,24.44,1011.95,5.7,164.3,629.6,0.0,21.29,14.07,0,NORMAL
2026-09-06T08:59:50.454383+00:00,1788685190454,AWS-001,Coastal Marine AWS,30.0,71.2,24.2,1011.96,5.5,166.2,527.6,0.0,21.29,13.98,0,NORMAL
2026-09-06T09:00:50.454383+00:00,1788685250454,AWS-001,Coastal Marine AWS,30.09,71.2,24.28,1011.94,7.0,165.5,516.1,0.0,21.29,13.95,0,NORMAL
2026-09-06T09:01:50.454383+00:00,1788685310454,AWS-001,Coastal Marine AWS,30.39,70.3,24.36,1012.03,5.5,165.4,543.2,0.0,21.29,13.98,0,NORMAL
2026-09-06T09:02:50.454383+00:00,1788685370454,AWS-001,Coastal Marine AWS,30.13,70.3,24.11,1011.92,7.7,168.5,602.0,0.0,21.29,14.03,0,NORMAL
2026-09-06T09:03:50.454383+00:00,1788685430454,AWS-001,Coastal Marine AWS,30.2,70.1,24.13,1011.94,5.5,172.0,521.1,0.0,21.29,13.93,0,NORMAL
2026-09-06T09:04:50.454383+00:00,1788685490454,AWS-001,Coastal Marine AWS,30.38,69.4,24.13,1012.02,7.8,171.5,611.2,0.0,21.29,14.02,0,NORMAL
2026-09-06T09:05:50.454383+00:00,1788685550454,AWS-001,Coastal Marine AWS,30.19,70.8,24.29,1011.97,5.7,169.0,526.3,0.0,21.29,13.97,0,NORMAL
2026-09-06T09:06:50.454383+00:00,1788685610454,AWS-001,Coastal Marine AWS,30.36,70.4,24.35,1011.96,6.4,173.4,513.2,0.0,21.29,13.95,0,NORMAL
2026-09-06T09:07:50.454383+00:00,1788685670454,AWS-001,Coastal Marine AWS,30.32,70.4,24.32,1012.05,6.3,176.7,514.2,0.0,21.29,13.92,0,NORMAL
2026-09-06T09:08:50.454383+00:00,1788685730454,AWS-001,Coastal Marine AWS,30.59,68.7,24.16,1012.02,7.5,180.6,614.1,0.0,21.29,14.01,0,NORMAL
2026-09-06T09:09:50.454383+00:00,1788685790454,AWS-001,Coastal Marine AWS,30.48,69.3,24.21,1012.06,5.9,178.2,641.0,0.0,21.29,14.03,0,NORMAL
2026-09-06T09:10:50.454383+00:00,1788685850454,AWS-001,Coastal Marine AWS,30.64,68.6,24.19,1011.9,6.0,171.4,670.0,0.0,21.29,14.09,0,NORMAL
2026-09-06T09:11:50.454383+00:00,1788685910454,AWS-001,Coastal Marine AWS,30.72,69.3,24.43,1012.03,5.6,168.6,526.2,0.0,21.29,13.96,0,NORMAL
2026-09-06T09:12:50.454383+00:00,1788685970454,AWS-001,Coastal Marine AWS,30.49,68.8,24.09,1012.0,6.2,174.7,589.2,0.0,21.29,14.03,0,NORMAL
2026-09-06T09:13:50.454383+00:00,1788686030454,AWS-001,Coastal Marine AWS,30.71,69.7,24.52,1011.96,7.1,168.2,530.3,0.0,21.29,13.96,0,NORMAL
2026-09-06T09:14:50.454383+00:00,1788686090454,AWS-001,Coastal Marine AWS,30.63,69.3,24.35,1012.02,7.1,164.4,650.6,0.0,21.29,14.04,0,NORMAL
2026-09-06T09:15:50.454383+00:00,1788686150454,AWS-001,Coastal Marine AWS,30.87,66.5,23.89,1011.91,6.6,167.7,671.5,0.0,21.29,14.07,0,NORMAL
2026-09-06T09:16:50.454383+00:00,1788686210454,AWS-001,Coastal Marine AWS,30.71,68.2,24.16,1011.93,5.4,169.1,605.8,0.0,21.29,14.02,0,NORMAL
2026-09-06T09:17:50.454383+00:00,1788686270454,AWS-001,Coastal Marine AWS,30.74,68.6,24.28,1012.0,6.2,167.1,618.5,0.0,21.29,14.02,0,NORMAL
2026-09-06T09:18:50.454383+00:00,1788686330454,AWS-001,Coastal Marine AWS,30.48,69.5,24.25,1011.95,6.9,167.7,462.2,0.0,21.29,13.92,0,NORMAL
2026-09-06T09:19:50.454383+00:00,1788686390454,AWS-001,Coastal Marine AWS,30.56,70.1,24.47,1012.01,5.5,166.2,366.2,0.0,21.29,13.83,0,NORMAL
2026-09-06T09:20:50.454383+00:00,1788686450454,AWS-001,Coastal Marine AWS,30.75,69.2,24.44,1012.04,9.1,169.3,487.5,0.0,21.29,13.93,0,NORMAL
2026-09-06T09:21:50.454383+00:00,1788686510454,AWS-001,Coastal Marine AWS,30.6,69.6,24.39,1011.96,5.3,167.1,422.9,0.0,21.29,13.89,0,NORMAL
2026-09-06T09:22:50.454383+00:00,1788686570454,AWS-001,Coastal Marine AWS,30.68,68.9,24.3,1011.95,6.0,171.3,474.9,0.0,21.29,13.93,0,NORMAL
2026-09-06T09:23:50.454383+00:00,1788686630454,AWS-001,Coastal Marine AWS,31.12,68.5,24.62,1011.95,5.4,173.6,632.1,0.0,21.29,13.98,0,NORMAL
2026-09-06T09:24:50.454383+00:00,1788686690454,AWS-001,Coastal Marine AWS,31.14,67.7,24.44,1011.98,7.0,176.7,703.1,0.0,21.29,14.07,0,NORMAL
